month,Americano_lag1,Americano_lag2,Americano_lag7,Americano_lag14,Americano_roll_std7,Americano with Milk_lag1,Americano with Milk_lag2,Americano with Milk_lag7,Americano with Milk_lag14,Americano with Milk_roll_std7,Cappuccino_lag1,Cappuccino_lag2,Cappuccino_lag7,Cappuccino_lag14,Cappuccino_roll_std7,Cocoa_lag1,Cocoa_lag2,Cocoa_lag7,Cocoa_lag14,Cocoa_roll_std7,Cortado_lag1,Cortado_lag2,Cortado_lag7,Cortado_lag14,Cortado_roll_std7,Espresso_lag1,Espresso_lag2,Espresso_lag7,Espresso_lag14,Espresso_roll_std7,Hot Chocolate_lag1,Hot Chocolate_lag2,Hot Chocolate_lag7,Hot Chocolate_lag14,Hot Chocolate_roll_std7,Latte_lag1,Latte_lag2,Latte_lag7,Latte_lag14,Latte_roll_std7,dow_0,dow_1,dow_2,dow_3,dow_4
-1.7018654312095143,-0.07255917649088434,1.5598255539791783,1.5174021260504682,-0.12507452949341905,-0.39594322808745164,-0.06646956988478656,-0.5582075004179078,-0.5609662782284316,0.9221865652585319,-1.1650892995962876,-0.9715187228112436,-0.9715187228112436,-0.21568203452849113,-0.9626869198089051,0.10929434038067064,-0.5014858873767987,-0.4955607730981318,-0.4935527388737926,0.6956989454511902,-1.238734801146477,1.0853199137662897,-0.7721784304501143,0.13910308394955717,-0.7944598392276914,-0.6239954912625686,2.631811243190036,5.407556441375963,-0.5015378066337676,-0.5015378066337676,2.4744106520850977,1.211820637060618,0.30998749742306747,-0.5927089101596051,2.054147835770987,0.614284580109787,0.4632828457593228,-1.170846282980288,-0.07756830463015665,-0.0691400125837121,-0.8832707452163513,-0.4064216670264658,-0.4064216670264658,-0.4064216670264658,-0.4064216670264658,2.4224824153400117
-1.7018654312095143,-0.07255917649088434,-0.08176504920052141,1.5174021260504682,1.5071480803956998,-0.27257833286142635,-1.057815726452176,-0.06265594392445911,-0.06465374054158204,0.4259170940575488,-0.978908901014814,-0.9715187228112436,-0.9715187228112436,1.3057506955238385,-0.9626869198089051,0.18267009131746964,-0.5014858873767987,-0.4955607730981318,-0.4935527388737926,-0.49108160855378125,-1.238734801146477,-0.7721784304501143,1.0853199137662897,0.13910308394955717,-0.7944598392276914,-0.3181794320744908,-0.4975861803753371,2.4579802006254377,0.9692640757416632,-0.5015378066337676,2.4744106520850977,0.3132831760582848,1.2089512399499631,2.1054950238809225,-0.5912432093090835,0.45901009223112715,-0.6309870433192587,0.46624771625822187,-0.6247393183726135,-0.6159746575639797,-0.8832707452163513,-0.4064216670264658,-0.4064216670264658,-0.4064216670264658,-0.4064216670264658,-0.4127996940938137
-1.7018654312095143,-0.07255917649088434,-0.08176504920052141,-0.11240015748521992,-0.12507452949341905,-0.3959432280874522,-0.06646956988478656,-1.0537590569113564,-0.06465374054158204,-0.07035237714343431,-0.978908901014814,-0.9715187228112436,-0.9715187228112436,-0.9763983995546559,-0.9626869198089051,-0.7637788059889037,-0.5014858873767987,-0.4955607730981318,-0.4935527388737926,0.6956989454511902,-1.238734801146477,2.0140690858744916,-0.7721784304501143,0.13910308394955717,1.073594377334718,0.3982818409957117,-0.4975861803753371,-0.4915960401250875,0.9692640757416632,-0.5015378066337676,2.6445963364333807,-0.5852542849440484,0.30998749742306747,-0.5927089101596051,1.172350820744297,-0.1085995739154256,-1.1781219878585494,-0.625148283234118,-0.07756830463015665,-0.0691400125837121,-0.6612642450133603,-0.4064216670264658,-0.4064216670264658,-0.4064216670264658,-0.4064216670264658,-0.4127996940938137
-1.7018654312095143,-0.8959480923222233,-0.08176504920052141,0.7025009842826242,-0.9411858344379784,0.06582889208797678,-1.057815726452176,-0.06265594392445911,-1.0572788159152813,-0.5666218483444174,-0.978908901014814,-0.9715187228112436,-0.9715187228112436,0.5450343304976737,-0.9626869198089051,-0.7637788059889037,-0.5014858873767987,-0.4955607730981318,-0.4935527388737926,-0.49108160855378125,-1.238734801146477,0.15657074165808765,2.0140690858744916,1.070023722688901,-0.7944598392276914,0.3982818409957117,-0.4975861803753371,-0.4915960401250875,-0.5015378066337676,0.9692640757416632,2.7677187362829554,-0.5852542849440484,-0.5889762451038282,-0.5927089101596051,-0.5912432093090835,-0.1085995739154256,-0.6309870433192587,-1.170846282980288,-0.07756830463015665,-0.0691400125837121,-0.7321070449462809,2.4604987409169823,-0.4064216670264658,-0.4064216670264658,-0.4064216670264658,-0.4127996940938137
-1.7018654312095143,1.5742186551717934,-0.9025603507903713,1.5174021260504682,-0.9411858344379784,0.3682947021276976,-1.057815726452176,-1.0537590569113564,-0.5609662782284316,-1.0628913195454006,-0.978908901014814,-0.9715187228112436,-0.9715187228112436,-0.9763983995546559,-0.9626869198089051,-2.201468426052788,-0.5014858873767987,-0.4955607730981318,-0.4935527388737926,0.6956989454511902,-1.238734801146477,0.15657074165808765,0.15657074165808765,0.13910308394955717,0.13956726905351338,0.2926940024130148,-0.4975861803753371,-0.4915960401250875,-0.5015378066337676,-0.5015378066337676,2.7677187362829554,-0.5852542849440484,-0.5889762451038282,0.3066924011872375,2.9359448507976773,-0.1085995739154256,-1.1781219878585494,-0.625148283234118,-0.6247393183726135,0.4776946323965555,-0.7321070449462805,-0.4064216670264658,2.4604987409169823,-0.4064216670264658,-0.4064216670264658,-0.4127996940938137
-1.7018654312095143,-0.8959480923222233,1.5598255539791783,1.5174021260504682,-0.12507452949341905,0.3682947021276976,-0.5621426481684813,-1.0537590569113564,-0.5609662782284316,-0.5666218483444174,-0.978908901014814,-0.9715187228112436,-0.9715187228112436,-0.9763983995546559,0.550935285432807,-2.201468426052788,-0.5014858873767987,-0.4955607730981318,-0.4935527388737926,-0.49108160855378125,-1.238734801146477,0.15657074165808765,0.15657074165808765,-0.7918175547897867,0.13956726905351338,0.2926940024130148,-0.4975861803753371,-0.4915960401250875,5.381669722867956,-0.5015378066337676,2.7677187362829554,1.211820637060618,-0.5889762451038282,0.3066924011872375,-0.5912432093090835,0.15208954401348018,-0.08385209877996791,-1.170846282980288,-1.1719103321150703,-1.1628093025442474,-0.5930976761369103,-0.4064216670264658,-0.4064216670264658,2.4604987409169823,-0.4064216670264658,-0.4127996940938137
-1.7018654312095143,-0.8959480923222233,-0.9025603507903713,-0.11240015748521992,-0.12507452949341905,-0.09807150445468543,-1.057815726452176,-0.5582075004179078,-0.06465374054158204,-0.5666218483444174,-0.9122930789323574,-0.21005810222945814,-0.9715187228112436,-0.9763983995546559,-0.9626869198089051,-1.4826236160208461,0.6172133998483675,-0.4955607730981318,-0.4935527388737926,-0.49108160855378125,-0.49894210951347345,1.0853199137662897,0.15657074165808765,1.070023722688901,-0.7944598392276914,0.06739166542474569,-0.4975861803753371,-0.4915960401250875,2.440065958117094,-0.5015378066337676,0.582336582324573,-0.5852542849440484,1.2089512399499631,1.20609371253408,0.29055380571760675,0.24536477615981722,-0.08385209877996791,-0.07945028348794805,0.46960270911230023,0.4776946323965555,-0.6612642450133603,-0.4064216670264658,-0.4064216670264658,-0.4064216670264658,2.4604987409169823,-0.4127996940938137
-1.7018654312095143,-0.07255917649088434,-0.9025603507903713,-0.11240015748521992,1.5071480803956998,-0.09807150445468543,-1.057815726452176,-1.0537590569113564,-1.0572788159152813,-0.5666218483444174,-1.1251272451626975,0.5514025183523273,-0.21005810222945814,-0.9763983995546559,-0.205875817188049,-0.7050736261166026,-0.5014858873767987,0.6291467206289326,-0.4935527388737926,-0.49108160855378125,-0.49894210951347345,1.0853199137662897,1.0853199137662897,-0.7918175547897867,0.13956726905351338,0.06739166542474569,-0.4975861803753371,-0.4915960401250875,-0.5015378066337676,-0.5015378066337676,-1.4380487815835084,-0.5852542849440484,-0.5889762451038282,0.3066924011872375,-0.5912432093090835,-0.05264485043060703,-0.6309870433192587,-0.07945028348794805,-0.6247393183726135,-0.0691400125837121,-1.1419647054934319,-0.4064216670264658,-0.4064216670264658,-0.4064216670264658,-0.4064216670264658,2.4224824153400117
-1.7018654312095143,0.7508297393404546,-0.08176504920052141,-0.11240015748521992,1.5071480803956998,0.11841758218259665,-0.06646956988478656,-1.0537590569113564,-0.06465374054158204,-0.07035237714343431,-0.9122930789323574,-0.21005810222945814,0.5514025183523273,-0.9763983995546559,1.307746388053663,-0.7050736261166026,-0.5014858873767987,-0.4955607730981318,-0.4935527388737926,-0.49108160855378125,-0.49894210951347345,-0.7721784304501143,1.0853199137662897,2.0009443614282447,0.13956726905351338,0.06739166542474569,1.0671125314073493,-0.4915960401250875,-0.5015378066337676,0.9692640757416632,-0.42785609962946825,-0.5852542849440484,-0.5889762451038282,-0.5927089101596051,2.054147835770987,-0.1085995739154254,-1.1781219878585494,-0.625148283234118,-1.1719103321150703,-0.6159746575639797,-1.0068774355316403,-0.4064216670264658,-0.4064216670264658,-0.4064216670264658,-0.4064216670264658,-0.4127996940938137
-1.7018654312095143,-0.8959480923222233,0.7390302523893285,-0.927301299253064,-0.12507452949341905,0.2707847838738485,0.4292035083989082,-0.06265594392445911,-1.0572788159152813,-0.07035237714343431,-0.5707670153341239,-0.21005810222945814,-0.21005810222945814,-0.9763983995546559,-0.9626869198089051,-0.7637788059889035,0.6172133998483675,-0.4955607730981318,-0.4935527388737926,-0.49108160855378125,-0.28366654303294986,0.15657074165808765,-0.7721784304501143,0.13910308394955717,0.13956726905351338,-0.6239954912625686,-0.4975861803753371,0.9831920802501752,-0.5015378066337676,0.9692640757416632,-0.42785609962946825,-0.5852542849440484,-0.5889762451038282,-0.5927089101596051,-0.5912432093090835,-0.1085995739154254,-0.08385209877996791,-1.170846282980288,-0.6247393183726135,-0.0691400125837121,-1.0068774355316406,-0.4064216670264658,-0.4064216670264658,-0.4064216670264658,-0.4064216670264658,-0.4127996940938137
-1.7018654312095143,-0.8959480923222233,-0.9025603507903713,1.5174021260504682,0.6910367754511404,0.2707847838738485,-1.057815726452176,0.43289561256898956,-1.0572788159152813,-1.0628913195454006,-0.5707670153341239,-0.9715187228112436,-0.21005810222945814,-0.9763983995546559,0.550935285432807,-0.7637788059889035,-0.5014858873767987,0.6291467206289326,-0.4935527388737926,-0.49108160855378125,-0.28366654303294986,-0.7721784304501143,0.15657074165808765,0.13910308394955717,1.073594377334718,-0.3181794320744905,-0.4975861803753371,-0.4915960401250875,-0.5015378066337676,-0.5015378066337676,-0.42785609962946825,-0.5852542849440484,-0.5889762451038282,-0.5927089101596051,-0.5912432093090835,-0.1085995739154254,-0.08385209877996791,-0.07945028348794805,-1.1719103321150703,-0.0691400125837121,-0.9233728539139427,2.4604987409169823,-0.4064216670264658,-0.4064216670264658,-0.4064216670264658,-0.4127996940938137
-1.7018654312095143,-0.8959480923222233,-0.9025603507903713,-0.927301299253064,1.5071480803956998,-0.8114386050233906,-0.06646956988478656,-1.0537590569113564,-0.5609662782284316,-0.5666218483444174,-0.5707670153341239,-0.21005810222945814,-0.9715187228112436,-0.9763983995546559,-0.9626869198089051,-0.889043366719419,-0.5014858873767987,-0.4955607730981318,-0.4935527388737926,-0.49108160855378125,-0.28366654303294986,-0.7721784304501143,-0.7721784304501143,0.13910308394955717,0.13956726905351338,-0.11683825317121918,-0.4975861803753371,-0.4915960401250875,-0.5015378066337676,-0.5015378066337676,-0.42785609962946825,-0.5852542849440484,-0.5889762451038282,1.20609371253408,0.29055380571760675,-0.1085995739154254,0.4632828457593228,-0.07945028348794805,-0.07756830463015665,-0.6159746575639797,-0.9233728539139431,-0.4064216670264658,2.4604987409169823,-0.4064216670264658,-0.4064216670264658,-0.4127996940938137
-1.7018654312095143,0.7508297393404546,-0.9025603507903713,-0.927301299253064,1.5071480803956998,-0.3959432280874522,-1.057815726452176,-0.06265594392445911,-1.0572788159152813,-0.5666218483444174,-0.47236169040955883,-0.9715187228112436,-0.21005810222945814,-0.21568203452849113,-0.9626869198089051,-0.889043366719419,0.6172133998483675,-0.4955607730981318,0.6669631606402603,-0.49108160855378125,-0.19250994329458668,2.0140690858744916,-0.7721784304501143,1.070023722688901,-0.7944598392276914,0.6457010998612067,-0.4975861803753371,-0.4915960401250875,-0.5015378066337676,5.381669722867956,-0.42785609962946825,0.3132831760582848,-0.5889762451038282,-0.5927089101596051,0.29055380571760675,-0.7937650509879614,1.0104177902986136,0.46624771625822187,-0.07756830463015665,-1.1628093025442474,-0.37190797078726867,-0.4064216670264658,-0.4064216670264658,2.4604987409169823,-0.4064216670264658,-0.4127996940938137
-1.7018654312095143,-0.07255917649088434,0.7390302523893285,-0.11240015748521992,-0.12507452949341905,-0.5259907979691248,-0.06646956988478656,-1.0537590569113564,-1.0572788159152813,-0.07035237714343431,-0.5208183436935572,-0.21005810222945814,-0.9715187228112436,0.5450343304976737,-0.9626869198089051,-0.889043366719419,-0.5014858873767987,0.6291467206289326,-0.4935527388737926,-0.49108160855378125,-0.28366654303294986,1.0853199137662897,2.0140690858744916,1.070023722688901,1.073594377334718,0.6457010998612067,-0.4975861803753371,-0.4915960401250875,-0.5015378066337676,2.440065958117094,-0.42785609962946825,0.3132831760582848,0.30998749742306747,-0.5927089101596051,1.172350820744297,-0.5943857006944337,-0.6309870433192587,1.0119457160043916,-0.6247393183726135,0.4776946323965555,-0.28396211500895063,-0.4064216670264658,-0.4064216670264658,-0.4064216670264658,2.4604987409169823,-0.4127996940938137
-1.7018654312095143,-0.07255917649088434,-0.08176504920052141,0.7025009842826242,-0.12507452949341905,-0.5259907979691248,-1.057815726452176,-0.06265594392445911,-0.06465374054158204,-1.0628913195454006,-0.5208183436935572,-0.9715187228112436,-0.21005810222945814,-0.21568203452849113,-0.9626869198089051,-1.184868346464104,-0.5014858873767987,-0.4955607730981318,-0.4935527388737926,-0.49108160855378125,-0.28366654303294986,1.0853199137662897,1.0853199137662897,-0.7918175547897867,-0.7944598392276914,0.6457010998612067,-0.4975861803753371,-0.4915960401250875,0.9692640757416632,-0.5015378066337676,-0.42785609962946825,-0.5852542849440484,0.30998749742306747,-0.5927089101596051,0.29055380571760675,-0.5943857006944337,-0.6309870433192587,-0.625148283234118,-1.1719103321150703,-0.6159746575639797,-0.28396211500895063,-0.4064216670264658,-0.4064216670264658,-0.4064216670264658,-0.4064216670264658,2.4224824153400117
-1.7018654312095143,-0.8959480923222233,-0.08176504920052141,-0.927301299253064,-0.12507452949341905,-0.8114386050233906,-1.057815726452176,-1.0537590569113564,0.43165879714526756,-0.07035237714343431,-0.4723616904095585,1.3128631389341128,-0.9715187228112436,-0.21568203452849113,-0.9626869198089051,-0.16826826687542018,-0.5014858873767987,-0.4955607730981318,0.6669631606402603,-0.49108160855378125,-0.28366654303294986,-0.7721784304501143,1.0853199137662897,0.13910308394955717,2.007621485615923,0.6457010998612067,-0.4975861803753371,-0.4915960401250875,-0.5015378066337676,-0.5015378066337676,-1.4380487815835084,-0.5852542849440484,-0.5889762451038282,-0.5927089101596051,-0.5912432093090835,-0.5943857006944337,-0.6309870433192587,-0.625148283234118,-0.07756830463015665,-1.1628093025442474,-0.593097676136911,-0.4064216670264658,-0.4064216670264658,-0.4064216670264658,-0.4064216670264658,-0.4127996940938137
-1.7018654312095143,-0.8959480923222233,-0.9025603507903713,-0.927301299253064,-0.9411858344379784,-0.8114386050233906,-0.5621426481684813,-1.0537590569113564,-1.0572788159152813,-1.0628913195454006,-0.9122930789323573,-0.21005810222945814,1.3128631389341128,-0.9763983995546559,-0.9626869198089051,-0.16826826687542018,-0.5014858873767987,-0.4955607730981318,-0.4935527388737926,-0.49108160855378125,-0.49894210951347345,-0.7721784304501143,-0.7721784304501143,-0.7918175547897867,0.13956726905351338,0.8295536654408878,-0.4975861803753371,-0.4915960401250875,-0.5015378066337676,-0.5015378066337676,-1.4380487815835084,-0.5852542849440484,-0.5889762451038282,-0.5927089101596051,-0.5912432093090835,-0.5943857006944337,0.4632828457593228,-0.625148283234118,-0.07756830463015665,-0.6159746575639797,-0.49526148095799255,-0.4064216670264658,-0.4064216670264658,-0.4064216670264658,-0.4064216670264658,-0.4127996940938137
-1.297323648381023,-0.07255917649088434,-0.9025603507903713,-0.927301299253064,1.5071480803956998,-0.8894526248779353,-1.057815726452176,-0.5582075004179078,-0.06465374054158204,-1.0628913195454006,-0.9122930789323573,-0.21005810222945814,-0.21005810222945814,-0.21568203452849113,-0.9626869198089051,-0.29958382745880013,-0.5014858873767987,-0.4955607730981318,-0.4935527388737926,-0.49108160855378125,-0.49894210951347345,-0.7721784304501143,-0.7721784304501143,-0.7918175547897867,0.13956726905351338,0.8295536654408878,-0.4975861803753371,-0.4915960401250875,-0.5015378066337676,-0.5015378066337676,-1.4380487815835084,-0.5852542849440484,-0.5889762451038282,-0.5927089101596051,-0.5912432093090835,-0.5943857006944337,-1.1781219878585494,0.46624771625822187,0.46960270911230023,-1.1628093025442474,-0.09138265197183845,2.4604987409169823,-0.4064216670264658,-0.4064216670264658,-0.4064216670264658,-0.4127996940938137
-1.297323648381023,-0.07255917649088434,-0.08176504920052141,0.7025009842826242,-0.9411858344379784,-1.0559182067764794,0.924876586682603,-1.0537590569113564,-1.0572788159152813,-0.5666218483444174,-0.16613487721297285,-0.21005810222945814,-0.21005810222945814,-0.9763983995546559,-0.9626869198089051,-0.29958382745880013,-0.5014858873767987,-0.4955607730981318,0.6669631606402603,-0.49108160855378125,-0.49894210951347345,-0.7721784304501143,-0.7721784304501143,2.0009443614282447,0.13956726905351338,0.8295536654408878,-0.4975861803753371,-0.4915960401250875,-0.5015378066337676,-0.5015378066337676,-1.4380487815835084,0.3132831760582848,-0.5889762451038282,0.3066924011872375,1.172350820744297,-0.5099602179146853,-1.1781219878585494,-1.170846282980288,1.016773722854757,-0.0691400125837121,-0.013471413948621376,-0.4064216670264658,2.4604987409169823,-0.4064216670264658,-0.4064216670264658,-0.4127996940938137
-1.297323648381023,-0.07255917649088434,-0.08176504920052141,-0.11240015748521992,-0.9411858344379784,-1.5667525234268476,-1.057815726452176,0.9284471690624382,-0.06465374054158204,-1.0628913195454006,-0.16613487721297285,-0.21005810222945814,-0.21005810222945814,-0.21568203452849113,-0.205875817188049,-0.49027550536192244,-0.5014858873767987,-0.4955607730981318,-0.4935527388737926,0.6956989454511902,-1.238734801146477,0.15657074165808765,-0.7721784304501143,1.070023722688901,1.073594377334718,0.007621371421736544,-0.4975861803753371,-0.4915960401250875,-0.5015378066337676,-0.5015378066337676,-1.4380487815835084,-0.5852542849440484,0.30998749742306747,0.3066924011872375,-0.5912432093090835,-0.5943857006944337,-0.6309870433192587,-1.170846282980288,-0.6247393183726135,-0.0691400125837121,-0.8441592709801482,-0.4064216670264658,-0.4064216670264658,2.4604987409169823,-0.4064216670264658,-0.4127996940938137
-1.297323648381023,-0.07255917649088434,-0.08176504920052141,-0.11240015748521992,-0.12507452949341905,-1.5667525234268476,-1.057815726452176,-1.0537590569113564,-1.0572788159152813,-1.0628913195454006,-0.20691502969059597,-0.21005810222945814,-0.21005810222945814,-0.9763983995546559,0.550935285432807,-0.49027550536192244,-0.5014858873767987,-0.4955607730981318,-0.4935527388737926,-0.49108160855378125,-1.238734801146477,1.0853199137662897,0.15657074165808765,1.070023722688901,1.073594377334718,0.007621371421736544,-0.4975861803753371,-0.4915960401250875,-0.5015378066337676,-0.5015378066337676,-1.4380487815835084,-0.5852542849440484,-0.5889762451038282,-0.5927089101596051,-0.5912432093090835,-0.7937650509879615,-1.1781219878585494,-0.625148283234118,-0.6247393183726135,-0.6159746575639797,-0.7321070449462812,-0.4064216670264658,-0.4064216670264658,-0.4064216670264658,2.4604987409169823,-0.4127996940938137
-1.297323648381023,-0.8959480923222233,-0.08176504920052141,-0.927301299253064,0.6910367754511404,-1.449043581632223,-1.057815726452176,-1.0537590569113564,-1.0572788159152813,-0.07035237714343431,-0.20691502969059597,-0.21005810222945814,-0.21005810222945814,1.3057506955238385,-0.205875817188049,-0.7637788059889035,-0.5014858873767987,-0.4955607730981318,-0.4935527388737926,-0.49108160855378125,-1.238734801146477,0.15657074165808765,1.0853199137662897,-0.7918175547897867,-0.7944598392276914,-0.39002080428833075,-0.4975861803753371,-0.4915960401250875,-0.5015378066337676,0.9692640757416632,-1.4380487815835084,-0.5852542849440484,-0.5889762451038282,-0.5927089101596051,-0.5912432093090835,-0.7937650509879615,0.4632828457593228,-1.170846282980288,-0.6247393183726135,-1.1628093025442474,-0.28396211500895063,-0.4064216670264658,-0.4064216670264658,-0.4064216670264658,-0.4064216670264658,2.4224824153400117
-1.297323648381023,1.5742186551717934,-0.9025603507903713,-0.927301299253064,-0.9411858344379784,-0.2725783328614269,-0.5621426481684813,-1.0537590569113564,-0.5609662782284316,0.4259170940575488,-0.24857247590408227,-0.21005810222945814,-0.21005810222945814,-0.21568203452849113,-0.205875817188049,-2.201468426052788,0.6172133998483675,-0.4955607730981318,-0.4935527388737926,0.6956989454511902,-0.49894210951347345,1.0853199137662897,0.15657074165808765,-0.7918175547897867,0.13956726905351338,-0.11683825317121892,1.0671125314073493,-0.4915960401250875,-0.5015378066337676,-0.5015378066337676,-0.42785609962946825,-0.5852542849440484,-0.5889762451038282,-0.5927089101596051,-0.5912432093090835,-0.7937650509879615,-0.08385209877996791,0.46624771625822187,0.46960270911230023,-0.0691400125837121,-0.22724916900905667,-0.4064216670264658,-0.4064216670264658,-0.4064216670264658,-0.4064216670264658,-0.4127996940938137
-1.297323648381023,-0.07255917649088434,1.5598255539791783,-0.11240015748521992,-0.9411858344379784,-0.5259907979691252,-0.5621426481684813,-0.5582075004179078,-1.0572788159152813,-1.0628913195454006,-0.24857247590408227,-0.21005810222945814,-0.21005810222945814,-0.21568203452849113,-0.9626869198089051,-2.201468426052788,-0.5014858873767987,0.6291467206289326,-0.4935527388737926,-0.49108160855378125,-0.49894210951347345,-0.7721784304501143,1.0853199137662897,-0.7918175547897867,-0.7944598392276914,-0.11683825317121892,-0.4975861803753371,0.9831920802501752,-0.5015378066337676,-0.5015378066337676,-0.42785609962946825,-0.5852542849440484,-0.5889762451038282,-0.5927089101596051,-0.5912432093090835,-0.7937650509879615,-0.6309870433192587,-0.07945028348794805,-1.1719103321150703,-0.0691400125837121,-0.5930976761369107,-0.4064216670264658,-0.4064216670264658,-0.4064216670264658,-0.4064216670264658,-0.4127996940938137
-1.297323648381023,-0.8959480923222233,-0.08176504920052141,-0.11240015748521992,-0.9411858344379784,-0.2725783328614269,-0.5621426481684813,-0.5582075004179078,0.9279713348321171,-0.07035237714343431,-0.31283490058181407,0.5514025183523273,-0.21005810222945814,-0.21568203452849113,-0.205875817188049,-1.482623616020846,-0.5014858873767987,-0.4955607730981318,-0.4935527388737926,-0.49108160855378125,-0.49894210951347345,0.15657074165808765,-0.7721784304501143,-0.7918175547897867,-0.7944598392276914,-0.31817943207449023,1.0671125314073493,-0.4915960401250875,-0.5015378066337676,-0.5015378066337676,-0.13389563702730684,0.3132831760582848,-0.5889762451038282,0.3066924011872375,-0.5912432093090835,-0.5943857006944337,-0.6309870433192587,-0.625148283234118,-1.1719103321150703,0.4776946323965555,-0.7321070449462812,2.4604987409169823,-0.4064216670264658,-0.4064216670264658,-0.4064216670264658,-0.4127996940938137
-1.297323648381023,0.7508297393404546,-0.9025603507903713,-0.11240015748521992,0.6910367754511404,-0.09807150445468599,0.4292035083989082,-0.5582075004179078,-1.0572788159152813,-1.0628913195454006,-0.7597106834060922,1.3128631389341128,0.5514025183523273,-0.21568203452849113,-0.9626869198089051,-0.7050736261166024,-0.5014858873767987,-0.4955607730981318,-0.4935527388737926,0.6956989454511902,-0.49894210951347345,-0.7721784304501143,0.15657074165808765,0.13910308394955717,2.007621485615923,-0.31817943207449023,1.0671125314073493,0.9831920802501752,-0.5015378066337676,-0.5015378066337676,-0.009420590154053375,-0.5852542849440484,0.30998749742306747,-0.5927089101596051,0.29055380571760675,-0.7937650509879615,-0.6309870433192587,-0.625148283234118,-0.6247393183726135,1.024529277376823,-0.9233728539139435,-0.4064216670264658,2.4604987409169823,-0.4064216670264658,-0.4064216670264658,-0.4127996940938137
-1.297323648381023,-0.07255917649088434,0.7390302523893285,-0.11240015748521992,-0.12507452949341905,-0.09807150445468599,-1.057815726452176,0.43289561256898956,-1.0572788159152813,-0.07035237714343431,-0.7597106834060922,-0.21005810222945814,1.3128631389341128,-0.21568203452849113,-0.205875817188049,-0.7050736261166024,-0.5014858873767987,-0.4955607730981318,-0.4935527388737926,-0.49108160855378125,-0.49894210951347345,-0.7721784304501143,-0.7721784304501143,1.070023722688901,1.073594377334718,-0.11683825317121892,-0.4975861803753371,0.9831920802501752,-0.5015378066337676,-0.5015378066337676,-0.009420590154053375,1.211820637060618,-0.5889762451038282,-0.5927089101596051,0.29055380571760675,-0.05264485043060723,-0.6309870433192587,-0.625148283234118,-1.1719103321150703,-0.6159746575639797,-0.9233728539139435,-0.4064216670264658,-0.4064216670264658,2.4604987409169823,-0.4064216670264658,-0.4127996940938137
-1.297323648381023,-0.8959480923222233,-0.08176504920052141,-0.927301299253064,-0.12507452949341905,0.11841758218259665,-1.057815726452176,-1.0537590569113564,-1.0572788159152813,-1.0628913195454006,-0.7597106834060922,-0.21005810222945814,-0.21005810222945814,-0.21568203452849113,-0.9626869198089051,-0.7050736261166024,-0.5014858873767987,-0.4955607730981318,-0.4935527388737926,-0.49108160855378125,-0.49894210951347345,-0.7721784304501143,-0.7721784304501143,0.13910308394955717,1.073594377334718,-0.39002080428833075,2.631811243190036,-0.4915960401250875,-0.5015378066337676,-0.5015378066337676,0.5823365823245736,0.3132831760582848,1.2089512399499631,-0.5927089101596051,-0.5912432093090835,-0.05264485043060723,-0.6309870433192587,-0.625148283234118,0.46960270911230023,-0.6159746575639797,-1.1901657485961905,-0.4064216670264658,-0.4064216670264658,-0.4064216670264658,2.4604987409169823,-0.4127996940938137
-1.297323648381023,0.7508297393404546,-0.9025603507903713,1.5174021260504682,-0.9411858344379784,0.012256980478855189,-0.5621426481684813,-1.0537590569113564,-0.5609662782284316,-1.0628913195454006,-0.8491004032131938,-0.21005810222945814,-0.21005810222945814,-0.21568203452849113,1.307746388053663,-0.7050736261166024,-0.5014858873767987,-0.4955607730981318,0.6669631606402603,-0.49108160855378125,-0.49894210951347345,-0.7721784304501143,-0.7721784304501143,1.070023722688901,-0.7944598392276914,-0.39002080428833075,-0.4975861803753371,2.4579802006254377,0.9692640757416632,-0.5015378066337676,0.5823365823245736,-0.5852542849440484,0.30998749742306747,-0.5927089101596051,-0.5912432093090835,-0.05264485043060723,-0.6309870433192587,-0.625148283234118,-0.07756830463015665,-0.6159746575639797,-1.8536530522661896,-0.4064216670264658,-0.4064216670264658,-0.4064216670264658,-0.4064216670264658,2.4224824153400117
-1.297323648381023,-0.8959480923222233,0.7390302523893285,-0.11240015748521992,-0.9411858344379784,-0.5259907979691246,-1.057815726452176,-0.5582075004179078,-0.5609662782284316,-0.5666218483444174,-0.7597106834060922,-0.9715187228112436,-0.21005810222945814,-0.21568203452849113,-0.205875817188049,-0.39241532592118183,-0.5014858873767987,-0.4955607730981318,-0.4935527388737926,-0.49108160855378125,-1.238734801146477,0.15657074165808765,-0.7721784304501143,-0.7918175547897867,-0.7944598392276914,-1.1128800381814534,-0.4975861803753371,-0.4915960401250875,-0.5015378066337676,-0.5015378066337676,0.6648349773497232,0.3132831760582848,-0.5889762451038282,-0.5927089101596051,-0.5912432093090835,-0.1085995739154258,-1.1781219878585494,-0.625148283234118,-0.6247393183726135,0.4776946323965555,-1.8536530522661891,-0.4064216670264658,-0.4064216670264658,-0.4064216670264658,-0.4064216670264658,-0.4127996940938137
-1.297323648381023,-0.07255917649088434,-0.9025603507903713,-0.927301299253064,-0.12507452949341905,-0.5259907979691246,-1.057815726452176,-1.0537590569113564,-0.5609662782284316,-1.0628913195454006,-0.7031958040458165,1.3128631389341128,-0.9715187228112436,0.5450343304976737,-0.205875817188049,-0.04493399595696114,-0.5014858873767987,-0.4955607730981318,-0.4935527388737926,-0.49108160855378125,-1.238734801146477,-0.7721784304501143,0.15657074165808765,0.13910308394955717,-0.7944598392276914,-1.1128800381814534,-0.4975861803753371,-0.4915960401250875,0.9692640757416632,-0.5015378066337676,0.6648349773497232,1.211820637060618,0.30998749742306747,0.3066924011872375,-0.5912432093090835,0.001196069408842982,-0.08385209877996791,-1.170846282980288,-0.6247393183726135,-1.1628093025442474,-1.5300723039211448,-0.4064216670264658,-0.4064216670264658,-0.4064216670264658,-0.4064216670264658,-0.4127996940938137
-1.297323648381023,1.5742186551717934,-0.08176504920052141,0.7025009842826242,-0.12507452949341905,0.012256980478855189,-0.5621426481684813,-1.0537590569113564,0.43165879714526756,0.9221865652585319,-0.7031958040458165,1.3128631389341128,1.3128631389341128,1.3057506955238385,-0.205875817188049,0.18267009131747006,-0.5014858873767987,-0.4955607730981318,-0.4935527388737926,-0.49108160855378125,-1.238734801146477,2.9428182579826934,-0.7721784304501143,-0.7918175547897867,-0.7944598392276914,1.3254927788491448,-0.4975861803753371,-0.4915960401250875,0.9692640757416632,-0.5015378066337676,0.6648349773497232,-0.5852542849440484,1.2089512399499631,-0.5927089101596051,0.29055380571760675,0.15208954401348018,-0.08385209877996791,-0.07945028348794805,-0.6247393183726135,-1.1628093025442474,-1.3471480503572177,2.4604987409169823,-0.4064216670264658,-0.4064216670264658,-0.4064216670264658,-0.4127996940938137
-1.297323648381023,0.7508297393404546,1.5598255539791783,-0.11240015748521992,-0.12507452949341905,0.012256980478855189,-0.06646956988478656,-0.5582075004179078,-1.0572788159152813,-1.0628913195454006,-1.125127245162697,-0.9715187228112436,1.3128631389341128,-0.21568203452849113,-0.205875817188049,0.18267009131747006,-0.5014858873767987,-0.4955607730981318,-0.4935527388737926,-0.49108160855378125,-1.238734801146477,-0.7721784304501143,2.9428182579826934,-0.7918175547897867,0.13956726905351338,1.3254927788491448,1.0671125314073493,-0.4915960401250875,-0.5015378066337676,-0.5015378066337676,0.6648349773497232,-0.5852542849440484,-0.5889762451038282,1.20609371253408,-0.5912432093090835,0.15208954401348018,-1.1781219878585494,-0.07945028348794805,-0.6247393183726135,-0.6159746575639797,-1.1419647054934323,-0.4064216670264658,2.4604987409169823,-0.4064216670264658,-0.4064216670264658,-0.4127996940938137
-1.297323648381023,-0.07255917649088434,0.7390302523893285,-0.927301299253064,-0.12507452949341905,0.012256980478855189,0.4292035083989082,-0.06265594392445911,-1.0572788159152813,-1.0628913195454006,-0.6488158893600015,-0.21005810222945814,-0.9715187228112436,-0.21568203452849113,-0.205875817188049,0.18267009131747006,1.7359126870735337,-0.4955607730981318,-0.4935527388737926,-0.49108160855378125,0.24085058211952978,0.15657074165808765,-0.7721784304501143,-0.7918175547897867,1.073594377334718,1.247663369030946,-0.4975861803753371,0.9831920802501752,2.440065958117094,-0.5015378066337676,0.6648349773497232,-0.5852542849440484,-0.5889762451038282,0.3066924011872375,-0.5912432093090835,-0.05264485043060703,-1.1781219878585494,-1.170846282980288,-0.6247393183726135,-1.1628093025442474,-1.0068774355316412,-0.4064216670264658,-0.4064216670264658,2.4604987409169823,-0.4064216670264658,-0.4127996940938137
-1.297323648381023,-0.07255917649088434,-0.08176504920052141,0.7025009842826242,-0.9411858344379784,-0.3334893880439361,-1.057815726452176,0.43289561256898956,-0.5609662782284316,-1.0628913195454006,-0.6488158893600015,1.3128631389341128,-0.21005810222945814,-0.21568203452849113,-0.205875817188049,0.4559897766479446,-0.5014858873767987,1.753854214355997,-0.4935527388737926,-0.49108160855378125,0.24085058211952978,0.15657074165808765,0.15657074165808765,-0.7918175547897867,0.13956726905351338,1.127600642177202,1.0671125314073493,-0.4915960401250875,-0.5015378066337676,-0.5015378066337676,-0.13389563702730653,-0.5852542849440484,-0.5889762451038282,-0.5927089101596051,-0.5912432093090835,-0.05264485043060703,-1.1781219878585494,-1.170846282980288,-0.6247393183726135,0.4776946323965555,-0.923372853913943,-0.4064216670264658,-0.4064216670264658,-0.4064216670264658,2.4604987409169823,-0.4127996940938137
-1.297323648381023,0.7508297393404546,-0.08176504920052141,-0.927301299253064,1.5071480803956998,-0.3334893880439361,-0.5621426481684813,-1.0537590569113564,-1.0572788159152813,-0.5666218483444174,-0.6488158893600015,0.5514025183523273,1.3128631389341128,-0.9763983995546559,-0.205875817188049,0.42338169261395014,-0.5014858873767987,-0.4955607730981318,-0.4935527388737926,0.6956989454511902,0.24085058211952978,0.15657074165808765,0.15657074165808765,0.13910308394955717,1.073594377334718,0.9606327988564342,-0.4975861803753371,0.9831920802501752,-0.5015378066337676,0.9692640757416632,-0.13389563702730653,1.211820637060618,-0.5889762451038282,0.3066924011872375,-0.5912432093090835,0.24536477615981722,-0.08385209877996791,-1.170846282980288,-1.1719103321150703,-0.0691400125837121,-0.7321070449462809,-0.4064216670264658,-0.4064216670264658,-0.4064216670264658,-0.4064216670264658,2.4224824153400117
-1.297323648381023,-0.8959480923222233,0.7390302523893285,-0.11240015748521992,-0.12507452949341905,-0.3334893880439361,-0.06646956988478656,-0.5582075004179078,-1.0572788159152813,-0.5666218483444174,-0.7031958040458167,0.5514025183523273,0.5514025183523273,1.3057506955238385,-0.205875817188049,-0.005361256121103695,0.6172133998483675,-0.4955607730981318,-0.4935527388737926,-0.49108160855378125,0.30126649167947955,-0.7721784304501143,0.15657074165808765,-0.7918175547897867,-0.7944598392276914,1.127600642177202,-0.4975861803753371,-0.4915960401250875,-0.5015378066337676,-0.5015378066337676,-0.13389563702730653,0.3132831760582848,1.2089512399499631,1.20609371253408,-0.5912432093090835,0.24536477615981722,-0.6309870433192587,-0.07945028348794805,-0.07756830463015665,-0.6159746575639797,-0.8441592709801482,-0.4064216670264658,-0.4064216670264658,-0.4064216670264658,-0.4064216670264658,-0.4127996940938137
-1.297323648381023,-0.07255917649088434,-0.9025603507903713,1.5174021260504682,-0.9411858344379784,-0.3334893880439361,2.411895821533687,-0.06265594392445911,-0.5609662782284316,-0.5666218483444174,0.8193123939465973,1.3128631389341128,0.5514025183523273,1.3057506955238385,0.550935285432807,-0.005361256121103695,0.6172133998483675,0.6291467206289326,-0.4935527388737926,-0.49108160855378125,0.30126649167947933,-0.7721784304501143,-0.7721784304501143,2.9318650001675888,0.13956726905351338,1.127600642177202,-0.4975861803753371,-0.4915960401250875,-0.5015378066337676,0.9692640757416632,-0.13389563702730653,0.3132831760582848,0.30998749742306747,-0.5927089101596051,0.29055380571760675,-0.05264485043060723,-0.6309870433192587,-0.625148283234118,-0.07756830463015665,-0.6159746575639797,-1.0068774355316412,-0.4064216670264658,-0.4064216670264658,-0.4064216670264658,-0.4064216670264658,-0.4127996940938137
-1.297323648381023,-0.07255917649088434,-0.08176504920052141,0.7025009842826242,0.6910367754511404,-1.0559182067764794,-1.057815726452176,2.4151018385427845,-0.06465374054158204,0.4259170940575488,0.9767518345650062,-0.21005810222945814,1.3128631389341128,-0.9763983995546559,1.307746388053663,-0.08524660531846055,-0.5014858873767987,0.6291467206289326,-0.4935527388737926,-0.49108160855378125,0.30126649167947933,-0.7721784304501143,-0.7721784304501143,-0.7918175547897867,-0.7944598392276914,-1.00022886968732,-0.4975861803753371,-0.4915960401250875,0.9692640757416632,0.9692640757416632,-0.13389563702730653,-0.5852542849440484,0.30998749742306747,-0.5927089101596051,-0.5912432093090835,-0.05264485043060723,-0.6309870433192587,-0.625148283234118,-1.1719103321150703,-0.6159746575639797,-1.2402591728269994,2.4604987409169823,-0.4064216670264658,-0.4064216670264658,-0.4064216670264658,-0.4127996940938137
-1.297323648381023,-0.07255917649088434,-0.08176504920052141,-0.11240015748521992,-0.12507452949341905,-1.3407990383135815,-0.5621426481684813,-1.0537590569113564,0.43165879714526756,-1.0628913195454006,1.0274951892133564,-0.21005810222945814,-0.21005810222945814,-0.21568203452849113,-0.205875817188049,-0.49027550536192244,-0.5014858873767987,-0.4955607730981318,1.8274790601543132,-0.49108160855378125,0.30126649167947933,-0.7721784304501143,-0.7721784304501143,0.13910308394955717,-0.7944598392276914,-1.00022886968732,-0.4975861803753371,-0.4915960401250875,-0.5015378066337676,-0.5015378066337676,-0.4278560996294681,-0.5852542849440484,-0.5889762451038282,-0.5927089101596051,1.172350820744297,-0.05264485043060723,-0.08385209877996791,-0.625148283234118,-1.1719103321150703,-0.6159746575639797,-1.1419647054934323,-0.4064216670264658,2.4604987409169823,-0.4064216670264658,-0.4064216670264658,-0.4127996940938137
-1.297323648381023,-0.8959480923222233,-0.08176504920052141,-0.11240015748521992,-0.9411858344379784,-1.0559182067764787,0.4292035083989082,-0.5582075004179078,-1.0572788159152813,-1.0628913195454006,1.0274951892133564,0.5514025183523273,-0.21005810222945814,1.3057506955238385,-0.205875817188049,-0.6485861539816968,-0.5014858873767987,-0.4955607730981318,-0.4935527388737926,-0.49108160855378125,-0.28366654303294986,-0.7721784304501143,-0.7721784304501143,0.13910308394955717,-0.7944598392276914,-1.1128800381814545,-0.4975861803753371,-0.4915960401250875,0.9692640757416632,2.440065958117094,-0.4278560996294681,-0.5852542849440484,-0.5889762451038282,-0.5927089101596051,0.29055380571760675,-0.05264485043060723,-1.1781219878585494,-0.07945028348794805,-1.1719103321150703,-0.6159746575639797,-1.1419647054934323,-0.4064216670264658,-0.4064216670264658,2.4604987409169823,-0.4064216670264658,-0.4127996940938137
-1.297323648381023,-0.8959480923222233,-0.9025603507903713,0.7025009842826242,0.6910367754511404,-0.8894526248779347,1.9162227432499923,0.43289561256898956,-0.5609662782284316,-0.5666218483444174,1.3163630705328122,-0.21005810222945814,0.5514025183523273,0.5450343304976737,-0.205875817188049,-0.763778805988903,-0.5014858873767987,-0.4955607730981318,-0.4935527388737926,-0.49108160855378125,-0.28366654303294986,-0.7721784304501143,-0.7721784304501143,0.13910308394955717,-0.7944598392276914,-1.3789172113743204,-0.4975861803753371,-0.4915960401250875,-0.5015378066337676,-0.5015378066337676,-1.4380487815835084,-0.5852542849440484,-0.5889762451038282,1.20609371253408,-0.5912432093090835,-0.05264485043060723,-0.6309870433192587,-1.170846282980288,-0.07756830463015665,-0.6159746575639797,-1.3471480503572177,-0.4064216670264658,-0.4064216670264658,-0.4064216670264658,2.4604987409169823,-0.4127996940938137
-1.297323648381023,1.5742186551717934,-0.9025603507903713,-0.927301299253064,-0.9411858344379784,-0.09807150445468543,-1.057815726452176,1.9195502820493355,-0.06465374054158204,-1.0628913195454006,1.4962280656720768,-0.9715187228112436,-0.21005810222945814,0.5450343304976737,-0.9626869198089051,-0.3454191075452228,-0.5014858873767987,-0.4955607730981318,0.6669631606402603,-0.49108160855378125,-0.28366654303294986,-0.7721784304501143,-0.7721784304501143,-0.7918175547897867,0.13956726905351338,-2.293151741787655,-0.4975861803753371,-0.4915960401250875,-0.5015378066337676,-0.5015378066337676,-1.4380487815835084,-0.5852542849440484,-0.5889762451038282,0.3066924011872375,0.29055380571760675,-0.5943857006944336,-0.6309870433192587,-0.625148283234118,-0.6247393183726135,-1.1628093025442474,-1.5300723039211448,-0.4064216670264658,-0.4064216670264658,-0.4064216670264658,-0.4064216670264658,2.4224824153400117
-1.297323648381023,1.5742186551717934,1.5598255539791783,-0.11240015748521992,-0.12507452949341905,0.36829470212769705,-1.057815726452176,-1.0537590569113564,2.416908947892666,-1.0628913195454006,1.7299297933175033,-0.21005810222945814,-0.9715187228112436,1.3057506955238385,1.307746388053663,-0.3924153259211808,0.6172133998483675,-0.4955607730981318,0.6669631606402603,-0.49108160855378125,-0.28366654303294986,0.15657074165808765,-0.7721784304501143,-0.7918175547897867,-0.7944598392276914,-1.3789172113743204,-0.4975861803753371,-0.4915960401250875,-0.5015378066337676,-0.5015378066337676,-1.4380487815835084,0.3132831760582848,-0.5889762451038282,0.3066924011872375,1.172350820744297,-0.5943857006944336,-0.08385209877996791,-0.625148283234118,-0.6247393183726135,-0.0691400125837121,-1.347148050357218,-0.4064216670264658,-0.4064216670264658,-0.4064216670264658,-0.4064216670264658,-0.4127996940938137
-1.297323648381023,-0.8959480923222233,1.5598255539791783,-0.11240015748521992,1.5071480803956998,0.5998561776449814,-1.057815726452176,-1.0537590569113564,-1.0572788159152813,-0.5666218483444174,0.832750432260084,-0.21005810222945814,-0.21005810222945814,-0.21568203452849113,1.307746388053663,-1.1034148410869427,-0.5014858873767987,0.6291467206289326,-0.4935527388737926,-0.49108160855378125,-0.49894210951347334,-0.7721784304501143,0.15657074165808765,-0.7918175547897867,2.9416485938971277,-1.3789172113743204,-0.4975861803753371,-0.4915960401250875,-0.5015378066337676,-0.5015378066337676,-1.4380487815835084,-0.5852542849440484,0.30998749742306747,-0.5927089101596051,-0.5912432093090835,-0.7937650509879612,-1.1781219878585494,-0.07945028348794805,-0.6247393183726135,-0.0691400125837121,-1.1419647054934323,-0.4064216670264658,-0.4064216670264658,-0.4064216670264658,-0.4064216670264658,-0.4127996940938137
-1.297323648381023,0.7508297393404546,-0.9025603507903713,-0.11240015748521992,0.6910367754511404,0.6881792452568017,-1.057815726452176,-1.0537590569113564,-0.5609662782284316,-0.07035237714343431,0.832750432260084,-0.21005810222945814,-0.21005810222945814,-0.21568203452849113,-0.9626869198089051,-1.1034148410869427,-0.5014858873767987,-0.4955607730981318,-0.4935527388737926,-0.49108160855378125,-0.49894210951347334,-0.7721784304501143,-0.7721784304501143,-0.7918175547897867,-0.7944598392276914,-1.3789172113743204,-0.4975861803753371,-0.4915960401250875,-0.5015378066337676,0.9692640757416632,-1.4380487815835084,-0.5852542849440484,-0.5889762451038282,-0.5927089101596051,-0.5912432093090835,-0.7937650509879612,-0.08385209877996791,-1.170846282980288,-0.07756830463015665,-1.1628093025442474,-1.0068774355316414,2.4604987409169823,-0.4064216670264658,-0.4064216670264658,-0.4064216670264658,-0.4127996940938137
-1.297323648381023,-0.07255917649088434,0.7390302523893285,-0.927301299253064,-0.12507452949341905,0.6881792452568017,-0.5621426481684813,-1.0537590569113564,0.43165879714526756,0.4259170940575488,0.832750432260084,1.3128631389341128,-0.21005810222945814,0.5450343304976737,-0.205875817188049,-0.3924153259211808,-0.5014858873767987,-0.4955607730981318,-0.4935527388737926,1.8824794994561616,-0.49894210951347334,2.0140690858744916,-0.7721784304501143,-0.7918175547897867,0.13956726905351338,0.44955184945234716,-0.4975861803753371,-0.4915960401250875,-0.5015378066337676,-0.5015378066337676,-1.4380487815835084,-0.5852542849440484,-0.5889762451038282,-0.5927089101596051,-0.5912432093090835,-0.7937650509879612,-1.1781219878585494,-0.07945028348794805,-1.1719103321150703,-1.1628093025442474,-1.0068774355316408,-0.4064216670264658,2.4604987409169823,-0.4064216670264658,-0.4064216670264658,-0.4127996940938137
-0.892781865552532,-0.07255917649088434,-0.08176504920052141,-0.927301299253064,-0.12507452949341905,0.4159411405646563,0.924876586682603,-0.5582075004179078,1.9205964102058164,-1.0628913195454006,1.0148857752923262,-0.21005810222945814,1.3128631389341128,-0.21568203452849113,1.307746388053663,-0.490275505361921,-0.5014858873767987,-0.4955607730981318,-0.4935527388737926,-0.49108160855378125,-0.49894210951347334,-0.7721784304501143,2.0140690858744916,-0.7918175547897867,0.13956726905351338,0.44955184945234716,-0.4975861803753371,-0.4915960401250875,-0.5015378066337676,0.9692640757416632,-1.4380487815835084,-0.5852542849440484,-0.5889762451038282,-0.5927089101596051,-0.5912432093090835,-0.7937650509879612,-0.08385209877996791,-1.170846282980288,-0.6247393183726135,-1.1628093025442474,-1.0068774355316414,-0.4064216670264658,-0.4064216670264658,2.4604987409169823,-0.4064216670264658,-0.4127996940938137
-0.892781865552532,-0.8959480923222233,-0.08176504920052141,1.5174021260504682,0.6910367754511404,0.4159411405646563,-1.057815726452176,0.9284471690624382,-1.0572788159152813,-0.5666218483444174,-0.20691502969059627,-0.9715187228112436,-0.21005810222945814,-0.9763983995546559,0.550935285432807,-0.29958382745879847,-0.5014858873767987,-0.4955607730981318,-0.4935527388737926,-0.49108160855378125,-0.49894210951347334,-0.7721784304501143,-0.7721784304501143,-0.7918175547897867,0.13956726905351338,0.44955184945234716,-0.4975861803753371,-0.4915960401250875,-0.5015378066337676,-0.5015378066337676,-1.4380487815835084,-0.5852542849440484,-0.5889762451038282,-0.5927089101596051,1.172350820744297,-0.7937650509879612,-1.1781219878585494,-0.07945028348794805,-0.6247393183726135,-0.0691400125837121,-0.8441592709801479,-0.4064216670264658,-0.4064216670264658,-0.4064216670264658,2.4604987409169823,-0.4127996940938137
-0.892781865552532,-0.07255917649088434,-0.9025603507903713,1.5174021260504682,-0.9411858344379784,-0.09807150445468543,-0.06646956988478656,-1.0537590569113564,-1.0572788159152813,-0.07035237714343431,-0.16613487721297285,0.5514025183523273,-0.9715187228112436,-0.21568203452849113,0.550935285432807,-0.392415325921181,-0.5014858873767987,-0.4955607730981318,0.6669631606402603,0.6956989454511902,-0.49894210951347334,-0.7721784304501143,-0.7721784304501143,0.13910308394955717,-0.7944598392276914,0.44955184945234716,-0.4975861803753371,-0.4915960401250875,-0.5015378066337676,-0.5015378066337676,-1.4380487815835084,-0.5852542849440484,-0.5889762451038282,0.3066924011872375,0.29055380571760675,-0.7937650509879612,-0.08385209877996791,-1.170846282980288,-0.07756830463015665,-0.6159746575639797,-0.7321070449462812,-0.4064216670264658,-0.4064216670264658,-0.4064216670264658,-0.4064216670264658,2.4224824153400117
-0.892781865552532,-0.8959480923222233,-0.08176504920052141,-0.927301299253064,-0.12507452949341905,-0.8894526248779347,-1.057815726452176,-0.06265594392445911,-1.0572788159152813,2.4109949788614813,-0.16613487721297285,-0.9715187228112436,0.5514025183523273,-0.21568203452849113,1.307746388053663,-0.16826826687541935,-0.5014858873767987,-0.4955607730981318,-0.4935527388737926,0.6956989454511902,-1.238734801146477,-0.7721784304501143,-0.7721784304501143,-0.7918175547897867,-0.7944598392276914,0.44955184945234716,-0.4975861803753371,-0.4915960401250875,-0.5015378066337676,-0.5015378066337676,-1.4380487815835084,-0.5852542849440484,-0.5889762451038282,-0.5927089101596051,0.29055380571760675,-1.4789305280604994,0.4632828457593228,-0.07945028348794805,-1.1719103321150703,-0.6159746575639797,-0.4326495849050922,-0.4064216670264658,-0.4064216670264658,-0.4064216670264658,-0.4064216670264658,-0.4127996940938137
-0.892781865552532,-0.8959480923222233,-0.9025603507903713,0.7025009842826242,-0.12507452949341905,-0.8894526248779347,-1.057815726452176,-1.0537590569113564,-1.0572788159152813,-1.0628913195454006,-0.16613487721297285,-0.9715187228112436,-0.9715187228112436,-0.21568203452849113,-0.205875817188049,-0.005361256121102006,-0.5014858873767987,-0.4955607730981318,-0.4935527388737926,-0.49108160855378125,-1.238734801146477,-0.7721784304501143,-0.7721784304501143,-0.7918175547897867,-0.7944598392276914,0.44955184945234716,-0.4975861803753371,-0.4915960401250875,-0.5015378066337676,-0.5015378066337676,-1.4380487815835084,-0.5852542849440484,-0.5889762451038282,-0.5927089101596051,-0.5912432093090835,-1.4789305280604994,-1.1781219878585494,0.46624771625822187,-0.07756830463015665,-0.6159746575639797,-0.4326495849050922,-0.4064216670264658,-0.4064216670264658,-0.4064216670264658,-0.4064216670264658,-0.4127996940938137
-0.892781865552532,-0.8959480923222233,-0.9025603507903713,-0.11240015748521992,-0.12507452949341905,-1.4490435816322211,-1.057815726452176,-1.0537590569113564,-0.5609662782284316,-0.5666218483444174,-0.16613487721297285,-0.9715187228112436,-0.9715187228112436,1.3057506955238385,-0.205875817188049,0.10929434038067233,-0.5014858873767987,-0.4955607730981318,-0.4935527388737926,-0.49108160855378125,-1.238734801146477,-0.7721784304501143,-0.7721784304501143,2.0009443614282447,-0.7944598392276914,0.44955184945234716,-0.4975861803753371,-0.4915960401250875,-0.5015378066337676,-0.5015378066337676,-1.4380487815835084,-0.5852542849440484,-0.5889762451038282,-0.5927089101596051,-0.5912432093090835,-1.4789305280604994,-1.1781219878585494,-1.170846282980288,-1.1719103321150703,-0.0691400125837121,-0.3719079707872683,2.4604987409169823,-0.4064216670264658,-0.4064216670264658,-0.4064216670264658,-0.4127996940938137
-0.892781865552532,2.397607571003132,-0.9025603507903713,-0.11240015748521992,-0.9411858344379784,0.8997737473389766,-0.5621426481684813,-1.0537590569113564,0.9279713348321171,0.4259170940575488,-0.16613487721297285,1.3128631389341128,-0.9715187228112436,-0.21568203452849113,0.550935285432807,0.10929434038067233,-0.5014858873767987,-0.4955607730981318,-0.4935527388737926,-0.49108160855378125,-1.238734801146477,1.0853199137662897,-0.7721784304501143,-0.7918175547897867,-0.7944598392276914,-0.464682680960987,-0.4975861803753371,-0.4915960401250875,-0.5015378066337676,-0.5015378066337676,-1.4380487815835084,-0.5852542849440484,-0.5889762451038282,-0.5927089101596051,-0.5912432093090835,-1.4789305280604994,-1.1781219878585494,-1.170846282980288,-0.07756830463015665,-1.1628093025442474,-0.3719079707872683,-0.4064216670264658,2.4604987409169823,-0.4064216670264658,-0.4064216670264658,-0.4127996940938137
-0.892781865552532,-0.07255917649088434,2.380620855569028,-0.927301299253064,-0.9411858344379784,0.8997737473389766,-0.5621426481684813,-0.5582075004179078,-1.0572788159152813,1.914725507660498,-1.125127245162697,1.3128631389341128,1.3128631389341128,-0.9763983995546559,-0.205875817188049,0.5826055517085595,1.7359126870735337,-0.4955607730981318,-0.4935527388737926,-0.49108160855378125,0.24085058211952956,1.0853199137662897,1.0853199137662897,-0.7918175547897867,-0.7944598392276914,0.06739166542474541,-0.4975861803753371,-0.4915960401250875,-0.5015378066337676,-0.5015378066337676,-1.4380487815835084,-0.5852542849440484,-0.5889762451038282,-0.5927089101596051,-0.5912432093090835,-1.4789305280604994,-0.6309870433192587,-1.170846282980288,-1.1719103321150703,-0.6159746575639797,-0.49526148095799183,-0.4064216670264658,-0.4064216670264658,2.4604987409169823,-0.4064216670264658,-0.4127996940938137
-0.892781865552532,-0.8959480923222233,-0.08176504920052141,-0.11240015748521992,1.5071480803956998,0.8997737473389766,-1.057815726452176,-0.5582075004179078,-0.06465374054158204,-1.0628913195454006,-1.125127245162697,-0.9715187228112436,1.3128631389341128,0.5450343304976737,-0.9626869198089051,0.5826055517085595,-0.5014858873767987,1.753854214355997,-0.4935527388737926,-0.49108160855378125,0.24085058211952956,-0.7721784304501143,1.0853199137662897,-0.7918175547897867,-0.7944598392276914,0.06739166542474541,-0.4975861803753371,-0.4915960401250875,-0.5015378066337676,-0.5015378066337676,-1.4380487815835084,-0.5852542849440484,-0.5889762451038282,-0.5927089101596051,-0.5912432093090835,-1.4789305280604994,-0.6309870433192587,-0.625148283234118,-0.07756830463015665,-0.6159746575639797,-0.5930976761369107,-0.4064216670264658,-0.4064216670264658,-0.4064216670264658,2.4604987409169823,-0.4127996940938137
-0.892781865552532,2.397607571003132,-0.9025603507903713,-0.927301299253064,1.5071480803956998,1.9763919260198022,-0.5621426481684813,-1.0537590569113564,-1.0572788159152813,-1.0628913195454006,-1.4517352680523936,-0.21005810222945814,-0.9715187228112436,-0.9763983995546559,-0.205875817188049,0.4882025673473404,-0.5014858873767987,-0.4955607730981318,-0.4935527388737926,0.6956989454511902,0.24085058211952956,-0.7721784304501143,-0.7721784304501143,-0.7918175547897867,0.13956726905351338,0.06739166542474541,-0.4975861803753371,-0.4915960401250875,-0.5015378066337676,-0.5015378066337676,-1.4380487815835084,-0.5852542849440484,-0.5889762451038282,-0.5927089101596051,0.29055380571760675,-1.4789305280604994,0.4632828457593228,-0.625148283234118,0.46960270911230023,-0.0691400125837121,-0.28396211500895063,-0.4064216670264658,-0.4064216670264658,-0.4064216670264658,-0.4064216670264658,2.4224824153400117
-0.892781865552532,-0.8959480923222233,2.380620855569028,-0.927301299253064,-0.9411858344379784,1.9763919260198022,-0.5621426481684813,-0.5582075004179078,-1.0572788159152813,-1.0628913195454006,-1.4517352680523936,-0.9715187228112436,-0.21005810222945814,-0.9763983995546559,-0.205875817188049,0.4882025673473404,-0.5014858873767987,-0.4955607730981318,-0.4935527388737926,-0.49108160855378125,0.24085058211952956,-0.7721784304501143,-0.7721784304501143,-0.7918175547897867,-0.7944598392276914,0.06739166542474541,-0.4975861803753371,-0.4915960401250875,-0.5015378066337676,-0.5015378066337676,-1.4380487815835084,-0.5852542849440484,-0.5889762451038282,-0.5927089101596051,-0.5912432093090835,-1.4789305280604994,0.4632828457593228,0.46624771625822187,-1.1719103321150703,-1.1628093025442474,-0.28396211500895063,-0.4064216670264658,-0.4064216670264658,-0.4064216670264658,-0.4064216670264658,-0.4127996940938137
-0.892781865552532,-0.8959480923222233,-0.9025603507903713,-0.927301299253064,0.6910367754511404,1.9763919260198022,-0.06646956988478656,-0.5582075004179078,-1.0572788159152813,-1.0628913195454006,-1.2503599555316183,0.5514025183523273,-0.9715187228112436,-0.9763983995546559,-0.205875817188049,0.4233816926139506,0.6172133998483675,-0.4955607730981318,-0.4935527388737926,-0.49108160855378125,0.30126649167947933,-0.7721784304501143,-0.7721784304501143,-0.7918175547897867,-0.7944598392276914,0.06739166542474541,-0.4975861803753371,-0.4915960401250875,-0.5015378066337676,-0.5015378066337676,-1.4380487815835084,-0.5852542849440484,-0.5889762451038282,-0.5927089101596051,-0.5912432093090835,-1.4789305280604994,0.4632828457593228,0.46624771625822187,-1.1719103321150703,-0.0691400125837121,-0.19942452746257058,-0.4064216670264658,-0.4064216670264658,-0.4064216670264658,-0.4064216670264658,-0.4127996940938137
-0.892781865552532,-0.07255917649088434,-0.9025603507903713,2.332303267818312,-0.12507452949341905,1.7813535538933574,0.924876586682603,-0.06265594392445911,-0.5609662782284316,-0.5666218483444174,-0.4964118386841433,-0.9715187228112436,0.5514025183523273,1.3057506955238385,1.307746388053663,0.4233816926139506,-0.5014858873767987,0.6291467206289326,-0.4935527388737926,-0.49108160855378125,0.30126649167947933,-0.7721784304501143,-0.7721784304501143,1.070023722688901,2.007621485615923,0.06739166542474541,-0.4975861803753371,-0.4915960401250875,-0.5015378066337676,-0.5015378066337676,-1.4380487815835084,-0.5852542849440484,-0.5889762451038282,-0.5927089101596051,-0.5912432093090835,-1.4789305280604994,0.4632828457593228,0.46624771625822187,-1.1719103321150703,-1.1628093025442474,-0.3719079707872697,2.4604987409169823,-0.4064216670264658,-0.4064216670264658,-0.4064216670264658,-0.4127996940938137
-0.892781865552532,0.7508297393404546,-0.08176504920052141,-0.11240015748521992,-0.12507452949341905,0.8997737473389766,-0.5621426481684813,0.9284471690624382,-0.5609662782284316,0.9221865652585319,-0.4964118386841433,-0.9715187228112436,-0.9715187228112436,1.3057506955238385,-0.205875817188049,0.10929434038067233,-0.5014858873767987,-0.4955607730981318,1.8274790601543132,-0.49108160855378125,0.30126649167947933,-0.7721784304501143,-0.7721784304501143,1.070023722688901,-0.7944598392276914,-0.464682680960987,-0.4975861803753371,-0.4915960401250875,-0.5015378066337676,-0.5015378066337676,-1.4380487815835084,-0.5852542849440484,-0.5889762451038282,-0.5927089101596051,-0.5912432093090835,-1.4789305280604994,-1.1781219878585494,0.46624771625822187,-0.6247393183726135,-0.0691400125837121,-0.3719079707872697,-0.4064216670264658,2.4604987409169823,-0.4064216670264658,-0.4064216670264658,-0.4127996940938137
-0.892781865552532,2.397607571003132,0.7390302523893285,-0.927301299253064,-0.9411858344379784,1.7813535538933574,-0.06646956988478656,-0.5582075004179078,-1.0572788159152813,-1.0628913195454006,-0.496411838684143,2.0743237595158983,-0.9715187228112436,-0.9763983995546559,-0.9626869198089051,0.7037082859897638,-0.5014858873767987,-0.4955607730981318,-0.4935527388737926,-0.49108160855378125,-0.49894210951347345,-0.7721784304501143,-0.7721784304501143,-0.7918175547897867,-0.7944598392276914,-2.293151741787655,-0.4975861803753371,-0.4915960401250875,-0.5015378066337676,-0.5015378066337676,-1.4380487815835084,0.3132831760582848,-0.5889762451038282,-0.5927089101596051,-0.5912432093090835,-0.7937650509879612,-0.6309870433192587,-1.170846282980288,-0.6247393183726135,-1.1628093025442474,-0.3719079707872697,-0.4064216670264658,-0.4064216670264658,2.4604987409169823,-0.4064216670264658,-0.4127996940938137
-0.892781865552532,3.220996486834471,2.380620855569028,2.332303267818312,-0.12507452949341905,2.403127209446112,-0.5621426481684813,-0.06265594392445911,-0.5609662782284316,-0.07035237714343431,-0.7031958040458162,-0.21005810222945814,2.0743237595158983,-0.21568203452849113,0.550935285432807,0.5826055517085595,-0.5014858873767987,-0.4955607730981318,-0.4935527388737926,-0.49108160855378125,-0.49894210951347345,1.0853199137662897,-0.7721784304501143,-0.7918175547897867,-0.7944598392276914,-0.464682680960987,2.631811243190036,-0.4915960401250875,-0.5015378066337676,-0.5015378066337676,0.5823365823245733,-0.5852542849440484,0.30998749742306747,-0.5927089101596051,-0.5912432093090835,-0.7937650509879612,-0.6309870433192587,-0.625148283234118,0.46960270911230023,-0.0691400125837121,-0.3719079707872697,-0.4064216670264658,-0.4064216670264658,-0.4064216670264658,2.4604987409169823,-0.4127996940938137
-0.892781865552532,-0.8959480923222233,3.201416157158878,-0.927301299253064,-0.9411858344379784,2.403127209446113,0.4292035083989082,-0.5582075004179078,-0.5609662782284316,-1.0628913195454006,-0.6488158893600009,-0.21005810222945814,-0.21005810222945814,-0.9763983995546559,-0.9626869198089051,0.5826055517085595,-0.5014858873767987,-0.4955607730981318,-0.4935527388737926,-0.49108160855378125,-0.49894210951347345,-0.7721784304501143,1.0853199137662897,-0.7918175547897867,-0.7944598392276914,-0.464682680960987,-0.4975861803753371,2.4579802006254377,-0.5015378066337676,-0.5015378066337676,0.5823365823245733,1.211820637060618,-0.5889762451038282,-0.5927089101596051,-0.5912432093090835,-0.05264485043060723,0.4632828457593228,-0.625148283234118,0.46960270911230023,0.4776946323965555,-0.3719079707872697,-0.4064216670264658,-0.4064216670264658,-0.4064216670264658,-0.4064216670264658,2.4224824153400117
-0.892781865552532,0.7508297393404546,-0.9025603507903713,-0.927301299253064,-0.9411858344379784,2.0396583592264923,0.4292035083989082,0.43289561256898956,-0.06465374054158204,-1.0628913195454006,-0.7031958040458158,0.5514025183523273,-0.21005810222945814,0.5450343304976737,-0.9626869198089051,0.45598977664794543,-0.5014858873767987,-0.4955607730981318,0.6669631606402603,-0.49108160855378125,-0.49894210951347345,-0.7721784304501143,-0.7721784304501143,-0.7918175547897867,-0.7944598392276914,-0.464682680960987,-0.4975861803753371,-0.4915960401250875,-0.5015378066337676,-0.5015378066337676,0.5823365823245733,-0.5852542849440484,1.2089512399499631,-0.5927089101596051,-0.5912432093090835,-0.05264485043060723,-0.08385209877996791,0.46624771625822187,0.46960270911230023,-1.1628093025442474,-0.4952614809579936,-0.4064216670264658,-0.4064216670264658,-0.4064216670264658,-0.4064216670264658,-0.4127996940938137
-0.892781865552532,-0.8959480923222233,0.7390302523893285,-0.11240015748521992,-0.9411858344379784,2.0396583592264923,0.924876586682603,0.43289561256898956,0.9279713348321171,-1.0628913195454006,-0.4964118386841427,1.3128631389341128,0.5514025183523273,-0.9763983995546559,-0.9626869198089051,0.6739108140749817,-0.5014858873767987,-0.4955607730981318,-0.4935527388737926,-0.49108160855378125,-1.238734801146477,-0.7721784304501143,-0.7721784304501143,-0.7918175547897867,-0.7944598392276914,-0.464682680960987,-0.4975861803753371,-0.4915960401250875,-0.5015378066337676,-0.5015378066337676,0.5823365823245733,-0.5852542849440484,-0.5889762451038282,-0.5927089101596051,-0.5912432093090835,-0.05264485043060723,-0.6309870433192587,-0.07945028348794805,0.46960270911230023,-1.1628093025442474,-0.6268652933878115,-0.4064216670264658,-0.4064216670264658,-0.4064216670264658,-0.4064216670264658,-0.4127996940938137
-0.892781865552532,1.5742186551717934,-0.9025603507903713,0.7025009842826242,2.323259385340259,1.9763919260198015,0.4292035083989082,0.9284471690624382,-0.5609662782284316,-0.5666218483444174,-0.675754023045083,2.0743237595158983,1.3128631389341128,-0.9763983995546559,1.307746388053663,0.7913211738195826,-0.5014858873767987,-0.4955607730981318,-0.4935527388737926,-0.49108160855378125,-1.238734801146477,-0.7721784304501143,-0.7721784304501143,-0.7918175547897867,1.073594377334718,-0.464682680960987,2.631811243190036,-0.4915960401250875,-0.5015378066337676,-0.5015378066337676,1.1702575075288961,0.3132831760582848,-0.5889762451038282,-0.5927089101596051,-0.5912432093090835,-0.05264485043060723,-1.1781219878585494,-0.625148283234118,-1.1719103321150703,-1.1628093025442474,-0.7321070449462816,2.4604987409169823,-0.4064216670264658,-0.4064216670264658,-0.4064216670264658,-0.4127996940938137
-0.892781865552532,3.220996486834471,1.5598255539791783,2.332303267818312,-0.12507452949341905,2.6038726499003886,1.4205496649662976,0.43289561256898956,-0.06465374054158204,-0.5666218483444174,-0.47236169040955794,-0.21005810222945814,2.0743237595158983,2.0664670605500035,1.307746388053663,0.42338169261394976,0.6172133998483675,-0.4955607730981318,-0.4935527388737926,1.8824794994561616,-0.49894210951347345,0.15657074165808765,-0.7721784304501143,-0.7918175547897867,1.073594377334718,-0.39002080428833186,-0.4975861803753371,2.4579802006254377,-0.5015378066337676,-0.5015378066337676,1.1702575075288961,-0.5852542849440484,0.30998749742306747,0.3066924011872375,-0.5912432093090835,-0.05264485043060723,1.0104177902986136,-1.170846282980288,-0.6247393183726135,-0.6159746575639797,-0.22724916900905776,-0.4064216670264658,2.4604987409169823,-0.4064216670264658,-0.4064216670264658,-0.4127996940938137
-0.892781865552532,-0.07255917649088434,3.201416157158878,3.147204409586156,-0.9411858344379784,2.6038726499003886,-0.5621426481684813,1.4239987255558868,-0.5609662782284316,-1.0628913195454006,-0.24857247590408169,0.5514025183523273,-0.21005810222945814,-0.21568203452849113,-0.9626869198089051,-0.005361256121103695,0.6172133998483675,0.6291467206289326,-0.4935527388737926,-0.49108160855378125,-0.2836665430329501,-0.7721784304501143,0.15657074165808765,1.070023722688901,-0.7944598392276914,-0.39002080428833186,1.0671125314073493,-0.4915960401250875,2.440065958117094,-0.5015378066337676,1.1042137172415354,-0.5852542849440484,-0.5889762451038282,-0.5927089101596051,-0.5912432093090835,-0.05264485043060723,0.4632828457593228,1.0119457160043916,-0.6247393183726135,-0.6159746575639797,-0.17193719169981292,-0.4064216670264658,-0.4064216670264658,2.4604987409169823,-0.4064216670264658,-0.4127996940938137
-0.892781865552532,0.7508297393404546,-0.08176504920052141,-0.927301299253064,2.323259385340259,1.680651823435188,0.4292035083989082,-0.5582075004179078,0.43165879714526756,-0.5666218483444174,-0.570767015334123,2.0743237595158983,0.5514025183523273,-0.21568203452849113,-0.205875817188049,0.2185238102250615,-0.5014858873767987,0.6291467206289326,-0.4935527388737926,-0.49108160855378125,-0.2836665430329501,0.15657074165808765,-0.7721784304501143,-0.7918175547897867,-0.7944598392276914,-1.1128800381814552,-0.4975861803753371,0.9831920802501752,-0.5015378066337676,-0.5015378066337676,0.6648349773497235,0.3132831760582848,-0.5889762451038282,1.20609371253408,-0.5912432093090835,-0.05264485043060723,-1.1781219878585494,0.46624771625822187,0.46960270911230023,0.4776946323965555,0.08671543451299739,-0.4064216670264658,-0.4064216670264658,-0.4064216670264658,2.4604987409169823,-0.4127996940938137
-0.892781865552532,-0.8959480923222233,0.7390302523893285,0.7025009842826242,-0.9411858344379784,1.680651823435188,-0.5621426481684813,0.43289561256898956,0.43165879714526756,-0.5666218483444174,-0.24857247590408169,5.881626862424826,2.0743237595158983,0.5450343304976737,-0.9626869198089051,2.813300684379562,-0.5014858873767987,-0.4955607730981318,-0.4935527388737926,-0.49108160855378125,-0.2836665430329501,0.15657074165808765,0.15657074165808765,-0.7918175547897867,-0.7944598392276914,-1.000228869687321,1.0671125314073493,-0.4915960401250875,-0.5015378066337676,-0.5015378066337676,0.6648349773497239,0.3132831760582848,0.30998749742306747,-0.5927089101596051,-0.5912432093090835,-0.5099602179146855,0.4632828457593228,-1.170846282980288,-0.07756830463015665,0.4776946323965555,0.08671543451299739,-0.4064216670264658,-0.4064216670264658,-0.4064216670264658,-0.4064216670264658,2.4224824153400117
-0.892781865552532,0.7508297393404546,-0.9025603507903713,-0.927301299253064,-0.9411858344379784,1.680651823435188,-0.5621426481684813,-0.5582075004179078,0.9279713348321171,-0.07035237714343431,-0.04855137395015001,-0.9715187228112436,5.881626862424826,1.3057506955238385,0.550935285432807,3.3666795294699035,-0.5014858873767987,-0.4955607730981318,-0.4935527388737926,0.6956989454511902,-0.2836665430329501,2.0140690858744916,0.15657074165808765,-0.7918175547897867,-0.7944598392276914,0.29269400241301374,-0.4975861803753371,0.9831920802501752,-0.5015378066337676,-0.5015378066337676,0.6648349773497239,0.3132831760582848,0.30998749742306747,-0.5927089101596051,-0.5912432093090835,-0.5099602179146857,-1.1781219878585494,0.46624771625822187,-0.6247393183726135,0.4776946323965555,0.321478794831521,-0.4064216670264658,-0.4064216670264658,-0.4064216670264658,-0.4064216670264658,-0.4127996940938137
-0.892781865552532,1.5742186551717934,0.7390302523893285,1.5174021260504682,-0.12507452949341905,1.2529005727228513,0.924876586682603,-0.5582075004179078,0.43165879714526756,0.9221865652585319,-0.04855137395015001,-0.9715187228112436,-0.9715187228112436,2.0664670605500035,-0.9626869198089051,3.855625606946864,-0.5014858873767987,-0.4955607730981318,-0.4935527388737926,-0.49108160855378125,-0.2836665430329501,-0.7721784304501143,2.0140690858744916,-0.7918175547897867,-0.7944598392276914,0.29269400241301374,-0.4975861803753371,-0.4915960401250875,2.440065958117094,-0.5015378066337676,0.6648349773497239,-0.5852542849440484,0.30998749742306747,0.3066924011872375,-0.5912432093090835,-0.5099602179146857,-0.6309870433192587,-1.170846282980288,-1.1719103321150703,0.4776946323965555,0.321478794831521,-0.4064216670264658,-0.4064216670264658,-0.4064216670264658,-0.4064216670264658,-0.4127996940938137
-0.892781865552532,-0.07255917649088434,1.5598255539791783,3.147204409586156,0.6910367754511404,1.3272722114820976,-0.06646956988478656,0.9284471690624382,1.4242838725189668,-0.5666218483444174,-0.04855137395015001,2.0743237595158983,-0.9715187228112436,-0.21568203452849113,-0.9626869198089051,3.855625606946864,-0.5014858873767987,-0.4955607730981318,0.6669631606402603,-0.49108160855378125,-0.2836665430329501,1.0853199137662897,-0.7721784304501143,0.13910308394955717,-0.7944598392276914,0.29269400241301374,-0.4975861803753371,-0.4915960401250875,-0.5015378066337676,-0.5015378066337676,-0.13389563702730609,2.110358098062951,-0.5889762451038282,-0.5927089101596051,-0.5912432093090835,0.45901009223112715,0.4632828457593228,-0.625148283234118,1.016773722854757,-1.1628093025442474,0.18311752071851284,2.4604987409169823,-0.4064216670264658,-0.4064216670264658,-0.4064216670264658,-0.4127996940938137
-0.892781865552532,2.397607571003132,-0.08176504920052141,-0.11240015748521992,2.323259385340259,0.5998561776449803,-0.06646956988478656,-0.06265594392445911,-0.5609662782284316,-0.07035237714343431,-0.6488158893600003,-0.21005810222945814,2.0743237595158983,0.5450343304976737,2.064557490674519,3.855625606946864,0.6172133998483675,-0.4955607730981318,0.6669631606402603,-0.49108160855378125,-0.2836665430329501,-0.7721784304501143,1.0853199137662897,-0.7918175547897867,-0.7944598392276914,0.49988088392001784,-0.4975861803753371,-0.4915960401250875,0.9692640757416632,-0.5015378066337676,-0.13389563702730609,-0.5852542849440484,2.107914982476859,-0.5927089101596051,0.29055380571760675,0.45901009223112715,0.4632828457593228,0.46624771625822187,0.46960270911230023,-0.6159746575639797,-0.09138265197183917,-0.4064216670264658,2.4604987409169823,-0.4064216670264658,-0.4064216670264658,-0.4127996940938137
-0.892781865552532,0.7508297393404546,2.380620855569028,0.7025009842826242,3.1393706902848186,0.46289189851720675,0.4292035083989082,-0.06265594392445911,0.43165879714526756,-0.5666218483444174,-0.7031958040458153,1.3128631389341128,-0.21005810222945814,2.0664670605500035,-0.205875817188049,3.8128187522992834,0.6172133998483675,0.6291467206289326,-0.4935527388737926,-0.49108160855378125,-0.2836665430329501,0.15657074165808765,-0.7721784304501143,0.13910308394955717,1.073594377334718,0.29269400241301374,-0.4975861803753371,-0.4915960401250875,-0.5015378066337676,2.440065958117094,-0.42785609962946736,-0.5852542849440484,-0.5889762451038282,0.3066924011872375,-0.5912432093090835,0.45901009223112715,-0.6309870433192587,0.46624771625822187,-1.1719103321150703,-0.6159746575639797,-0.19942452746257058,-0.4064216670264658,-0.4064216670264658,2.4604987409169823,-0.4064216670264658,-0.4127996940938137
-0.892781865552532,-0.07255917649088434,0.7390302523893285,-0.927301299253064,-0.9411858344379784,0.5998561776449803,-1.057815726452176,0.43289561256898956,-0.5609662782284316,0.4259170940575488,-0.40220283962649933,-0.21005810222945814,1.3128631389341128,5.870048885680827,-0.205875817188049,3.898132051479314,0.6172133998483675,0.6291467206289326,-0.4935527388737926,-0.49108160855378125,-0.1925099432945869,0.15657074165808765,0.15657074165808765,0.13910308394955717,-0.7944598392276914,0.29269400241301374,-0.4975861803753371,-0.4915960401250875,0.9692640757416632,-0.5015378066337676,-0.42785609962946736,1.211820637060618,-0.5889762451038282,0.3066924011872375,1.172350820744297,0.6142845801097867,1.5575527348379044,-0.625148283234118,0.46960270911230023,0.4776946323965555,0.29889926753886087,-0.4064216670264658,-0.4064216670264658,-0.4064216670264658,2.4604987409169823,-0.4127996940938137
-0.892781865552532,-0.8959480923222233,-0.08176504920052141,0.7025009842826242,0.6910367754511404,0.5998561776449803,0.4292035083989082,-1.0537590569113564,-0.5609662782284316,0.4259170940575488,-0.40220283962649933,0.5514025183523273,-0.21005810222945814,-0.9763983995546559,0.550935285432807,0.6739108140749817,-0.5014858873767987,0.6291467206289326,-0.4935527388737926,-0.49108160855378125,-0.1925099432945869,-0.7721784304501143,0.15657074165808765,2.0009443614282447,-0.7944598392276914,0.49988088392001784,2.631811243190036,-0.4915960401250875,-0.5015378066337676,-0.5015378066337676,0.5823365823245736,0.3132831760582848,1.2089512399499631,0.3066924011872375,-0.5912432093090835,0.6142845801097867,0.4632828457593228,1.5576437157505616,-1.1719103321150703,-0.0691400125837121,0.29889926753886087,-0.4064216670264658,-0.4064216670264658,-0.4064216670264658,-0.4064216670264658,2.4224824153400117
-0.48824008272404096,-0.8959480923222233,-0.9025603507903713,1.5174021260504682,-0.9411858344379784,1.0211104090538892,0.924876586682603,0.43289561256898956,0.9279713348321171,0.9221865652585319,-0.33476293654366995,0.5514025183523273,0.5514025183523273,-0.9763983995546559,1.307746388053663,0.3569190032064225,0.6172133998483675,-0.4955607730981318,-0.4935527388737926,-0.49108160855378125,-0.19250994329458712,0.15657074165808765,-0.7721784304501143,-0.7918175547897867,-0.7944598392276914,-0.4646826809609876,-0.4975861803753371,2.4579802006254377,-0.5015378066337676,-0.5015378066337676,0.5823365823245736,0.3132831760582848,0.30998749742306747,-0.5927089101596051,-0.5912432093090835,0.6142845801097867,1.5575527348379044,0.46624771625822187,-0.6247393183726135,-0.6159746575639797,0.18311752071851212,-0.4064216670264658,-0.4064216670264658,-0.4064216670264658,-0.4064216670264658,-0.4127996940938137
-0.48824008272404096,-0.8959480923222233,-0.9025603507903713,-0.11240015748521992,1.5071480803956998,0.8997737473389766,0.924876586682603,0.9284471690624382,-0.06465374054158204,0.4259170940575488,-0.33476293654366995,0.5514025183523273,0.5514025183523273,2.0664670605500035,2.064557490674519,-0.1682682668754206,1.7359126870735337,0.6291467206289326,-0.4935527388737926,-0.49108160855378125,0.11193568246972006,0.15657074165808765,0.15657074165808765,1.070023722688901,-0.7944598392276914,-0.6239954912625696,-0.4975861803753371,-0.4915960401250875,-0.5015378066337676,2.440065958117094,0.5823365823245736,-0.5852542849440484,0.30998749742306747,2.1054950238809225,0.29055380571760675,0.6142845801097867,-0.08385209877996791,1.5576437157505616,0.46960270911230023,-1.1628093025442474,-0.09138265197184026,-0.4064216670264658,-0.4064216670264658,-0.4064216670264658,-0.4064216670264658,-0.4127996940938137
-0.48824008272404096,-0.8959480923222233,-0.9025603507903713,2.332303267818312,3.1393706902848186,1.0607086279952451,0.4292035083989082,0.9284471690624382,-0.06465374054158204,1.418456036459515,-0.3569600583645405,-0.21005810222945814,0.5514025183523273,-0.21568203452849113,-0.205875817188049,-0.7637788059889026,-0.5014858873767987,1.753854214355997,0.6669631606402603,0.6956989454511902,0.11193568246972006,-0.7721784304501143,0.15657074165808765,-0.7918175547897867,0.13956726905351338,-1.0002288696873205,-0.4975861803753371,-0.4915960401250875,-0.5015378066337676,-0.5015378066337676,0.5823365823245736,-0.5852542849440484,-0.5889762451038282,-0.5927089101596051,-0.5912432093090835,-0.05264485043060723,-0.08385209877996791,-0.07945028348794805,0.46960270911230023,1.024529277376823,0.01195491818901352,2.4604987409169823,-0.4064216670264658,-0.4064216670264658,-0.4064216670264658,-0.4127996940938137
-0.48824008272404096,-0.8959480923222233,-0.9025603507903713,0.7025009842826242,-0.12507452949341905,-0.8114386050233912,0.4292035083989082,0.43289561256898956,0.43165879714526756,-0.5666218483444174,-0.40220283962649933,-0.21005810222945814,-0.21005810222945814,1.3057506955238385,0.550935285432807,-0.7637788059889026,-0.5014858873767987,-0.4955607730981318,0.6669631606402603,0.6956989454511902,0.24085058211952934,-0.7721784304501143,-0.7721784304501143,0.13910308394955717,-0.7944598392276914,-1.0002288696873205,-0.4975861803753371,-0.4915960401250875,-0.5015378066337676,0.9692640757416632,0.5823365823245736,-0.5852542849440484,-0.5889762451038282,-0.5927089101596051,-0.5912432093090835,-0.05264485043060723,0.4632828457593228,-0.07945028348794805,-0.6247393183726135,0.4776946323965555,0.01195491818901352,-0.4064216670264658,2.4604987409169823,-0.4064216670264658,-0.4064216670264658,-0.4127996940938137
-0.48824008272404096,-0.8959480923222233,-0.9025603507903713,-0.11240015748521992,0.6910367754511404,-1.8447341418438479,1.4205496649662976,0.43289561256898956,-1.0572788159152813,0.4259170940575488,-0.10649463762669839,0.5514025183523273,-0.21005810222945814,-0.21568203452849113,2.064557490674519,-1.1848683464641028,-0.5014858873767987,-0.4955607730981318,0.6669631606402603,-0.49108160855378125,0.30126649167947933,2.0140690858744916,-0.7721784304501143,0.13910308394955717,0.13956726905351338,0.29269400241301424,-0.4975861803753371,-0.4915960401250875,-0.5015378066337676,-0.5015378066337676,0.5823365823245736,1.211820637060618,-0.5889762451038282,1.20609371253408,0.29055380571760675,0.15208954401348,-0.08385209877996791,0.46624771625822187,1.5639447365972141,-1.1628093025442474,-0.28396211500895246,-0.4064216670264658,-0.4064216670264658,2.4604987409169823,-0.4064216670264658,-0.4127996940938137
-0.48824008272404096,-0.07255917649088434,-0.9025603507903713,-0.927301299253064,-0.9411858344379784,-1.8447341418438479,-0.06646956988478656,1.4239987255558868,0.43165879714526756,-0.5666218483444174,-0.8803016015022854,0.5514025183523273,0.5514025183523273,0.5450343304976737,5.8486130037788,-1.2734437667990048,0.6172133998483675,-0.4955607730981318,-0.4935527388737926,-0.49108160855378125,0.30126649167947933,0.15657074165808765,2.0140690858744916,-0.7918175547897867,0.13956726905351338,0.29269400241301424,-0.4975861803753371,-0.4915960401250875,2.440065958117094,0.9692640757416632,0.5823365823245736,-0.5852542849440484,1.2089512399499631,0.3066924011872375,0.29055380571760675,-0.05264485043060723,-0.08385209877996791,-0.07945028348794805,0.46960270911230023,0.4776946323965555,-0.6612642450133629,-0.4064216670264658,-0.4064216670264658,-0.4064216670264658,2.4604987409169823,-0.4127996940938137
-0.48824008272404096,-0.07255917649088434,-0.08176504920052141,-0.927301299253064,0.6910367754511404,-1.5667525234268485,0.924876586682603,-0.06265594392445911,0.9279713348321171,-0.5666218483444174,-0.8803016015022854,0.5514025183523273,0.5514025183523273,0.5450343304976737,-0.9626869198089051,-1.2734437667990048,-0.5014858873767987,0.6291467206289326,0.6669631606402603,-0.49108160855378125,0.30126649167947933,-0.7721784304501143,0.15657074165808765,0.13910308394955717,2.007621485615923,0.29269400241301424,-0.4975861803753371,-0.4915960401250875,-0.5015378066337676,-0.5015378066337676,-1.4380487815835084,-0.5852542849440484,-0.5889762451038282,0.3066924011872375,0.29055380571760675,-0.05264485043060703,1.0104177902986136,-0.07945028348794805,1.5639447365972141,-1.1628093025442474,-0.4952614809579943,-0.4064216670264658,-0.4064216670264658,-0.4064216670264658,-0.4064216670264658,2.4224824153400117
-0.48824008272404096,-0.8959480923222233,-0.08176504920052141,-0.927301299253064,1.5071480803956998,-1.5667525234268485,-0.5621426481684813,0.9284471690624382,0.9279713348321171,0.9221865652585319,-0.40220283962649933,-0.21005810222945814,0.5514025183523273,0.5450343304976737,-0.9626869198089051,-1.1848683464641028,-0.5014858873767987,-0.4955607730981318,1.8274790601543132,-0.49108160855378125,0.30126649167947955,1.0853199137662897,-0.7721784304501143,0.13910308394955717,-0.7944598392276914,0.49988088392001784,1.0671125314073493,-0.4915960401250875,-0.5015378066337676,-0.5015378066337676,-0.42785609962946736,-0.5852542849440484,-0.5889762451038282,-0.5927089101596051,-0.5912432093090835,-0.10859957391542499,-1.1781219878585494,1.0119457160043916,-0.07756830463015665,-0.6159746575639797,-0.4952614809579936,-0.4064216670264658,-0.4064216670264658,-0.4064216670264658,-0.4064216670264658,-0.4127996940938137
-0.48824008272404096,-0.8959480923222233,-0.9025603507903713,-0.927301299253064,-0.12507452949341905,-1.5667525234268485,-0.5621426481684813,-0.5582075004179078,0.43165879714526756,-0.07035237714343431,-0.20691502969059541,0.5514025183523273,-0.21005810222945814,-0.21568203452849113,2.064557490674519,-1.1848683464641028,-0.5014858873767987,-0.4955607730981318,-0.4935527388737926,-0.49108160855378125,-0.4989421095134731,0.15657074165808765,1.0853199137662897,-0.7918175547897867,1.073594377334718,0.49988088392001784,-0.4975861803753371,0.9831920802501752,-0.5015378066337676,-0.5015378066337676,-0.42785609962946736,-0.5852542849440484,-0.5889762451038282,-0.5927089101596051,2.054147835770987,-0.10859957391542499,-1.1781219878585494,-1.170846282980288,-0.07756830463015665,0.4776946323965555,-0.09138265197183953,-0.4064216670264658,-0.4064216670264658,-0.4064216670264658,-0.4064216670264658,-0.4127996940938137
-0.48824008272404096,-0.07255917649088434,-0.9025603507903713,-0.927301299253064,2.323259385340259,-1.4490435816322238,-0.06646956988478656,-0.5582075004179078,0.43165879714526756,-0.07035237714343431,-0.18641874649387916,1.3128631389341128,0.5514025183523273,-0.21568203452849113,-0.205875817188049,-0.8890433667194185,-0.5014858873767987,-0.4955607730981318,-0.4935527388737926,0.6956989454511902,-0.4989421095134731,1.0853199137662897,0.15657074165808765,-0.7918175547897867,-0.7944598392276914,0.3982818409957106,1.0671125314073493,-0.4915960401250875,-0.5015378066337676,-0.5015378066337676,-0.13389563702730595,-0.5852542849440484,-0.5889762451038282,-0.5927089101596051,-0.5912432093090835,-0.10859957391542499,1.0104177902986136,-1.170846282980288,0.46960270911230023,0.4776946323965555,0.2531779994767253,2.4604987409169823,-0.4064216670264658,-0.4064216670264658,-0.4064216670264658,-0.4127996940938137
-0.48824008272404096,-0.8959480923222233,-0.08176504920052141,-0.927301299253064,0.6910367754511404,-1.4490435816322238,-1.057815726452176,-0.06265594392445911,1.4242838725189668,0.4259170940575488,0.15142604027462783,-0.21005810222945814,1.3128631389341128,0.5450343304976737,1.307746388053663,-0.8890433667194185,-0.5014858873767987,-0.4955607730981318,-0.4935527388737926,0.6956989454511902,-0.4989421095134731,-0.7721784304501143,1.0853199137662897,2.0009443614282447,0.13956726905351338,0.3982818409957106,-0.4975861803753371,0.9831920802501752,-0.5015378066337676,-0.5015378066337676,-0.13389563702730595,1.211820637060618,-0.5889762451038282,1.20609371253408,-0.5912432093090835,0.29015912667163046,0.4632828457593228,1.0119457160043916,-0.07756830463015665,-0.6159746575639797,0.2531779994767253,-0.4064216670264658,2.4604987409169823,-0.4064216670264658,-0.4064216670264658,-0.4127996940938137
-0.48824008272404096,-0.8959480923222233,-0.9025603507903713,-0.11240015748521992,-0.12507452949341905,-1.4490435816322238,0.4292035083989082,-1.0537590569113564,-0.06465374054158204,-1.0628913195454006,-0.40220283962649933,-0.9715187228112436,-0.21005810222945814,0.5450343304976737,-0.205875817188049,-0.3454191075452228,-0.5014858873767987,-0.4955607730981318,0.6669631606402603,0.6956989454511902,-0.4989421095134731,-0.7721784304501143,-0.7721784304501143,0.13910308394955717,0.13956726905351338,-0.11683825317121972,-0.4975861803753371,-0.4915960401250875,-0.5015378066337676,-0.5015378066337676,-0.13389563702730595,0.3132831760582848,1.2089512399499631,-0.5927089101596051,1.172350820744297,-0.05264485043060703,-0.08385209877996791,0.46624771625822187,-0.07756830463015665,1.5713639223570908,0.2531779994767253,-0.4064216670264658,-0.4064216670264658,2.4604987409169823,-0.4064216670264658,-0.4127996940938137
-0.48824008272404096,-0.8959480923222233,-0.9025603507903713,-0.11240015748521992,-0.9411858344379784,-1.5667525234268485,-0.5621426481684813,0.43289561256898956,0.9279713348321171,0.4259170940575488,-0.3569600583645405,-0.21005810222945814,-0.9715187228112436,0.5450343304976737,0.550935285432807,-0.3454191075452226,-0.5014858873767987,-0.4955607730981318,-0.4935527388737926,-0.49108160855378125,-1.238734801146477,-0.7721784304501143,-0.7721784304501143,-0.7918175547897867,-0.7944598392276914,0.007621371421735738,-0.4975861803753371,-0.4915960401250875,-0.5015378066337676,2.440065958117094,-0.13389563702730595,1.211820637060618,0.30998749742306747,-0.5927089101596051,0.29055380571760675,0.245364776159817,-0.08385209877996791,-0.07945028348794805,1.016773722854757,0.4776946323965555,0.2531779994767253,-0.4064216670264658,-0.4064216670264658,-0.4064216670264658,2.4604987409169823,-0.4127996940938137
-0.48824008272404096,-0.07255917649088434,-0.9025603507903713,-0.927301299253064,-0.9411858344379784,-1.5667525234268485,1.4205496649662976,-0.5582075004179078,-0.5609662782284316,0.9221865652585319,0.02630095749143636,-0.9715187228112436,-0.21005810222945814,-0.21568203452849113,0.550935285432807,-0.16826826687541935,-0.5014858873767987,-0.4955607730981318,-0.4935527388737926,0.6956989454511902,-1.238734801146477,0.15657074165808765,-0.7721784304501143,1.070023722688901,0.13956726905351338,-0.11683825317121972,2.631811243190036,-0.4915960401250875,0.9692640757416632,-0.5015378066337676,0.6648349773497241,0.3132831760582848,1.2089512399499631,-0.5927089101596051,0.29055380571760675,0.15208954401348,-0.08385209877996791,-0.07945028348794805,-1.1719103321150703,1.5713639223570908,-0.09138265197183953,-0.4064216670264658,-0.4064216670264658,-0.4064216670264658,-0.4064216670264658,2.4224824153400117
-0.48824008272404096,-0.07255917649088434,-0.08176504920052141,-0.927301299253064,-0.9411858344379784,-1.4490435816322238,-0.5621426481684813,1.4239987255558868,-0.5609662782284316,0.9221865652585319,0.02630095749143636,-0.9715187228112436,-0.9715187228112436,0.5450343304976737,0.550935285432807,-0.0053612561211024284,-0.5014858873767987,-0.4955607730981318,-0.4935527388737926,1.8824794994561616,-1.238734801146477,0.15657074165808765,0.15657074165808765,0.13910308394955717,0.13956726905351338,-0.464682680960987,-0.4975861803753371,2.4579802006254377,-0.5015378066337676,-0.5015378066337676,0.6648349773497239,-0.5852542849440484,0.30998749742306747,-0.5927089101596051,-0.5912432093090835,0.15208954401348,-0.6309870433192587,-0.07945028348794805,-1.1719103321150703,-0.0691400125837121,-0.3719079707872697,-0.4064216670264658,-0.4064216670264658,-0.4064216670264658,-0.4064216670264658,-0.4127996940938137
-0.48824008272404096,-0.07255917649088434,-0.08176504920052141,-0.11240015748521992,-0.9411858344379784,-1.449043581632224,0.4292035083989082,-0.5582075004179078,-0.06465374054158204,0.4259170940575488,0.02630095749143636,-0.21005810222945814,-0.9715187228112436,1.3057506955238385,-0.205875817188049,-0.1682682668754189,0.6172133998483675,-0.4955607730981318,-0.4935527388737926,-0.49108160855378125,-0.4989421095134731,-0.7721784304501143,0.15657074165808765,1.070023722688901,-0.7944598392276914,-0.3900208042883313,1.0671125314073493,-0.4915960401250875,0.9692640757416632,-0.5015378066337676,0.6648349773497241,-0.5852542849440484,-0.5889762451038282,-0.5927089101596051,-0.5912432093090835,0.15208954401348,-0.6309870433192587,-0.625148283234118,1.016773722854757,-0.0691400125837121,-0.7321070449462826,-0.4064216670264658,-0.4064216670264658,-0.4064216670264658,-0.4064216670264658,-0.4127996940938137
-0.48824008272404096,-0.8959480923222233,-0.08176504920052141,-0.927301299253064,-0.9411858344379784,-1.4490435816322238,1.9162227432499923,0.43289561256898956,-1.0572788159152813,0.4259170940575488,0.7234832091045562,-0.9715187228112436,-0.21005810222945814,-0.21568203452849113,-0.205875817188049,-1.1848683464640997,-0.5014858873767987,0.6291467206289326,-0.4935527388737926,-0.49108160855378125,-0.4989421095134731,-0.7721784304501143,-0.7721784304501143,-0.7918175547897867,-0.7944598392276914,-1.1128800381814534,1.0671125314073493,0.9831920802501752,-0.5015378066337676,-0.5015378066337676,0.6648349773497241,3.008895559065284,-0.5889762451038282,1.20609371253408,-0.5912432093090835,1.0540203840742974,-0.6309870433192587,-0.625148283234118,0.46960270911230023,0.4776946323965555,-1.240259172827002,2.4604987409169823,-0.4064216670264658,-0.4064216670264658,-0.4064216670264658,-0.4127996940938137
-0.48824008272404096,1.5742186551717934,-0.9025603507903713,-0.927301299253064,-0.9411858344379784,-0.09807150445468654,-0.5621426481684813,1.9195502820493355,0.43165879714526756,1.418456036459515,0.491391257474278,2.0743237595158983,-0.9715187228112436,-0.9763983995546559,0.550935285432807,0.5826055517085595,-0.5014858873767987,-0.4955607730981318,-0.4935527388737926,-0.49108160855378125,-0.4989421095134731,1.0853199137662897,-0.7721784304501143,-0.7918175547897867,2.007621485615923,-0.3900208042883313,-0.4975861803753371,0.9831920802501752,-0.5015378066337676,-0.5015378066337676,0.6648349773497241,-0.5852542849440484,3.0068787250037547,0.3066924011872375,1.172350820744297,1.174703954037695,-1.1781219878585494,-0.625148283234118,-0.07756830463015665,-0.0691400125837121,-1.2402591728270016,-0.4064216670264658,2.4604987409169823,-0.4064216670264658,-0.4064216670264658,-0.4127996940938137
-0.48824008272404096,-0.07255917649088434,1.5598255539791783,-0.927301299253064,-0.12507452949341905,-0.27257833286142746,-0.06646956988478656,-0.5582075004179078,-0.5609662782284316,-0.07035237714343431,0.5215082480179066,1.3128631389341128,2.0743237595158983,-0.21568203452849113,0.550935285432807,0.848331812713264,-0.5014858873767987,-0.4955607730981318,-0.4935527388737926,0.6956989454511902,-0.4989421095134731,0.15657074165808765,1.0853199137662897,-0.7918175547897867,0.13956726905351338,-0.464682680960987,-0.4975861803753371,-0.4915960401250875,-0.5015378066337676,-0.5015378066337676,0.6648349773497241,-0.5852542849440484,-0.5889762451038282,1.20609371253408,-0.5912432093090835,1.2901327803303724,-1.1781219878585494,-1.170846282980288,-0.07756830463015665,-0.0691400125837121,-1.1419647054934339,-0.4064216670264658,-0.4064216670264658,2.4604987409169823,-0.4064216670264658,-0.4127996940938137
-0.48824008272404096,-0.07255917649088434,-0.08176504920052141,-0.11240015748521992,-0.12507452949341905,-0.5259907979691263,0.4292035083989082,-0.06265594392445911,1.4242838725189668,0.9221865652585319,0.3353242518019389,0.5514025183523273,1.3128631389341128,-0.9763983995546559,0.550935285432807,0.8764411648894291,0.6172133998483675,-0.4955607730981318,-0.4935527388737926,-0.49108160855378125,-0.28366654303294986,0.15657074165808765,0.15657074165808765,0.13910308394955717,-0.7944598392276914,-0.6239954912625691,-0.4975861803753371,-0.4915960401250875,2.440065958117094,-0.5015378066337676,0.6648349773497241,-0.5852542849440484,-0.5889762451038282,0.3066924011872375,-0.5912432093090835,1.2330325589354458,0.4632828457593228,-1.170846282980288,-0.07756830463015665,1.024529277376823,-0.7321070449462823,-0.4064216670264658,-0.4064216670264658,-0.4064216670264658,2.4604987409169823,-0.4127996940938137
-0.48824008272404096,-0.8959480923222233,-0.08176504920052141,-0.11240015748521992,-0.9411858344379784,-0.27257833286142746,-0.5621426481684813,0.43289561256898956,-0.5609662782284316,-0.5666218483444174,0.20300969205451613,-0.9715187228112436,0.5514025183523273,-0.9763983995546559,-0.205875817188049,0.8764411648894291,-0.5014858873767987,0.6291467206289326,-0.4935527388737926,-0.49108160855378125,-0.28366654303294986,-0.7721784304501143,0.15657074165808765,0.13910308394955717,1.073594377334718,-0.464682680960987,-0.4975861803753371,-0.4915960401250875,-0.5015378066337676,0.9692640757416632,-0.1338956370273058,-0.5852542849440484,-0.5889762451038282,-0.5927089101596051,-0.5912432093090835,1.2617313802296477,1.5575527348379044,0.46624771625822187,-0.6247393183726135,-1.1628093025442474,0.47468677151616673,-0.4064216670264658,-0.4064216670264658,-0.4064216670264658,-0.4064216670264658,2.4224824153400117
-0.48824008272404096,0.7508297393404546,-0.9025603507903713,-0.11240015748521992,-0.9411858344379784,-0.09807150445468654,0.4292035083989082,-0.5582075004179078,0.43165879714526756,-0.5666218483444174,0.06277512213734397,2.0743237595158983,-0.9715187228112436,-0.21568203452849113,0.550935285432807,1.0926923288447383,-0.5014858873767987,-0.4955607730981318,0.6669631606402603,-0.49108160855378125,-0.28366654303294986,-0.7721784304501143,-0.7721784304501143,-0.7918175547897867,0.13956726905351338,-0.3900208042883313,1.0671125314073493,-0.4915960401250875,0.9692640757416632,-0.5015378066337676,-0.009420590154052484,-0.5852542849440484,-0.5889762451038282,-0.5927089101596051,-0.5912432093090835,1.2617313802296477,-0.08385209877996791,1.5576437157505616,-0.6247393183726135,-1.1628093025442474,0.4532920606420956,-0.4064216670264658,-0.4064216670264658,-0.4064216670264658,-0.4064216670264658,-0.4127996940938137
-0.48824008272404096,-0.8959480923222233,0.7390302523893285,-0.927301299253064,-0.12507452949341905,0.1184175821825961,-0.06646956988478656,0.43289561256898956,1.9205964102058164,-0.07035237714343431,0.08078795141801877,-0.21005810222945814,2.0743237595158983,-0.9763983995546559,1.307746388053663,1.0926923288447383,-0.5014858873767987,-0.4955607730981318,-0.4935527388737926,-0.49108160855378125,-0.49894210951347323,0.15657074165808765,-0.7721784304501143,-0.7918175547897867,1.073594377334718,-0.464682680960987,-0.4975861803753371,0.9831920802501752,0.9692640757416632,0.9692640757416632,-0.1338956370273058,-0.5852542849440484,-0.5889762451038282,3.004896335227765,-0.5912432093090835,1.2617313802296477,-0.6309870433192587,-0.07945028348794805,-0.6247393183726135,1.024529277376823,0.4532920606420956,-0.4064216670264658,-0.4064216670264658,-0.4064216670264658,-0.4064216670264658,-0.4127996940938137
-0.48824008272404096,-0.8959480923222233,-0.9025603507903713,1.5174021260504682,-0.9411858344379784,0.1184175821825961,-0.06646956988478656,-0.06265594392445911,-0.5609662782284316,-1.0628913195454006,-1.0866748387280105,0.5514025183523273,-0.21005810222945814,2.0664670605500035,-0.205875817188049,0.6438013012175678,-0.5014858873767987,-0.4955607730981318,-0.4935527388737926,-0.49108160855378125,-0.49894210951347323,-0.7721784304501143,0.15657074165808765,1.070023722688901,-0.7944598392276914,-0.464682680960987,-0.4975861803753371,-0.4915960401250875,-0.5015378066337676,-0.5015378066337676,-0.4278560996294672,-0.5852542849440484,-0.5889762451038282,-0.5927089101596051,1.172350820744297,-1.4789305280604994,-0.6309870433192587,-0.625148283234118,-1.1719103321150703,0.4776946323965555,0.4532920606420956,2.4604987409169823,-0.4064216670264658,-0.4064216670264658,-0.4064216670264658,-0.4127996940938137
-0.48824008272404096,-0.8959480923222233,-0.9025603507903713,-0.11240015748521992,-0.9411858344379784,-0.8114386050233912,-0.5621426481684813,-0.06265594392445911,-0.06465374054158204,0.4259170940575488,-1.0866748387280105,2.0743237595158983,0.5514025183523273,1.3057506955238385,-0.9626869198089051,0.6438013012175678,-0.5014858873767987,-0.4955607730981318,-0.4935527388737926,-0.49108160855378125,-0.49894210951347323,-0.7721784304501143,-0.7721784304501143,0.13910308394955717,-0.7944598392276914,-1.0002288696873192,-0.4975861803753371,-0.4915960401250875,-0.5015378066337676,-0.5015378066337676,-0.4278560996294672,-0.5852542849440484,-0.5889762451038282,-0.5927089101596051,0.29055380571760675,-1.4789305280604994,-0.6309870433192587,-0.625148283234118,-1.1719103321150703,-0.0691400125837121,0.2531779994767257,-0.4064216670264658,2.4604987409169823,-0.4064216670264658,-0.4064216670264658,-0.4127996940938137
-0.48824008272404096,-0.8959480923222233,-0.9025603507903713,-0.11240015748521992,-0.9411858344379784,-0.8114386050233912,-0.06646956988478656,-0.5582075004179078,0.43165879714526756,-0.5666218483444174,-1.0866748387280105,-0.21005810222945814,2.0743237595158983,0.5450343304976737,-0.205875817188049,0.703708285989763,-0.5014858873767987,-0.4955607730981318,0.6669631606402603,-0.49108160855378125,-0.49894210951347323,-0.7721784304501143,-0.7721784304501143,0.13910308394955717,-0.7944598392276914,-1.1128800381814534,-0.4975861803753371,-0.4915960401250875,-0.5015378066337676,-0.5015378066337676,-0.4278560996294672,-0.5852542849440484,-0.5889762451038282,-0.5927089101596051,1.172350820744297,-1.4789305280604994,-0.6309870433192587,-0.625148283234118,0.46960270911230023,-0.0691400125837121,0.011954918189014242,-0.4064216670264658,-0.4064216670264658,2.4604987409169823,-0.4064216670264658,-0.4127996940938137
-0.48824008272404096,-0.07255917649088434,-0.9025603507903713,-0.927301299253064,-0.12507452949341905,-0.8114386050233912,-0.5621426481684813,-0.06265594392445911,-0.5609662782284316,1.418456036459515,-1.1650892995962876,-0.21005810222945814,-0.21005810222945814,-0.9763983995546559,-0.9626869198089051,0.791321173819583,-0.5014858873767987,-0.4955607730981318,-0.4935527388737926,-0.49108160855378125,-1.238734801146477,-0.7721784304501143,-0.7721784304501143,-0.7918175547897867,0.13956726905351338,-1.3789172113743184,1.0671125314073493,-0.4915960401250875,-0.5015378066337676,2.440065958117094,-0.1338956370273058,-0.5852542849440484,-0.5889762451038282,-0.5927089101596051,0.29055380571760675,-1.4789305280604994,-0.08385209877996791,-0.625148283234118,1.5639447365972141,-0.0691400125837121,-0.09138265197183917,-0.4064216670264658,-0.4064216670264658,-0.4064216670264658,2.4604987409169823,-0.4127996940938137
-0.48824008272404096,-0.8959480923222233,-0.08176504920052141,0.7025009842826242,-0.12507452949341905,-0.8114386050233912,-0.06646956988478656,-0.5582075004179078,0.43165879714526756,-0.5666218483444174,-1.2503599555316178,-0.21005810222945814,-0.21005810222945814,2.0664670605500035,-0.9626869198089051,0.4882025673473396,-0.5014858873767987,-0.4955607730981318,-0.4935527388737926,-0.49108160855378125,-1.238734801146477,0.15657074165808765,-0.7721784304501143,-0.7918175547897867,0.13956726905351338,-1.1128800381814534,-0.4975861803753371,0.9831920802501752,0.9692640757416632,-0.5015378066337676,-0.1338956370273058,-0.5852542849440484,-0.5889762451038282,-0.5927089101596051,-0.5912432093090835,-1.4789305280604994,-1.1781219878585494,-0.07945028348794805,-0.07756830463015665,-0.6159746575639797,-1.3471480503572184,-0.4064216670264658,-0.4064216670264658,-0.4064216670264658,-0.4064216670264658,2.4224824153400117
-0.48824008272404096,-0.8959480923222233,-0.9025603507903713,-0.927301299253064,-0.12507452949341905,-1.8447341418438474,-0.5621426481684813,-0.06265594392445911,-0.06465374054158204,0.4259170940575488,-1.4517352680523943,-0.21005810222945814,-0.21005810222945814,-0.21568203452849113,-0.205875817188049,-0.044933995956960716,-0.5014858873767987,-0.4955607730981318,-0.4935527388737926,0.6956989454511902,-1.238734801146477,0.15657074165808765,0.15657074165808765,0.13910308394955717,-0.7944598392276914,-1.0002288696873194,1.0671125314073493,-0.4915960401250875,-0.5015378066337676,0.9692640757416632,-0.1338956370273058,-0.5852542849440484,-0.5889762451038282,-0.5927089101596051,-0.5912432093090835,-1.4789305280604994,-0.6309870433192587,-1.170846282980288,-0.6247393183726135,-0.6159746575639797,-1.5300723039211452,-0.4064216670264658,-0.4064216670264658,-0.4064216670264658,-0.4064216670264658,-0.4127996940938137
-0.48824008272404096,-0.8959480923222233,-0.9025603507903713,-0.927301299253064,-0.9411858344379784,-1.8447341418438474,0.4292035083989082,-0.5582075004179078,-0.06465374054158204,1.914725507660498,-1.1650892995962878,1.3128631389341128,-0.21005810222945814,0.5450343304976737,-0.9626869198089051,0.10929434038067064,-0.5014858873767987,-0.4955607730981318,-0.4935527388737926,-0.49108160855378125,-1.238734801146477,-0.7721784304501143,0.15657074165808765,-0.7918175547897867,-0.7944598392276914,-1.1128800381814534,-0.4975861803753371,0.9831920802501752,-0.5015378066337676,0.9692640757416632,-0.1338956370273058,0.3132831760582848,-0.5889762451038282,-0.5927089101596051,2.9359448507976773,-0.7937650509879589,-0.6309870433192587,-0.625148283234118,-0.6247393183726135,-0.6159746575639797,-1.5300723039211452,-0.4064216670264658,-0.4064216670264658,-0.4064216670264658,-0.4064216670264658,-0.4127996940938137
-0.08369829989554987,-0.8959480923222233,-0.9025603507903713,-0.927301299253064,1.5071480803956998,-1.8447341418438474,-0.5621426481684813,0.43289561256898956,-0.5609662782284316,-0.5666218483444174,-1.1251272451626977,-0.9715187228112436,1.3128631389341128,2.0664670605500035,2.064557490674519,0.45598977664794504,-0.5014858873767987,-0.4955607730981318,-0.4935527388737926,-0.49108160855378125,-1.238734801146477,-0.7721784304501143,-0.7721784304501143,-0.7918175547897867,1.073594377334718,-1.1128800381814534,1.0671125314073493,-0.4915960401250875,-0.5015378066337676,-0.5015378066337676,-0.009420590154052484,0.3132831760582848,0.30998749742306747,-0.5927089101596051,-0.5912432093090835,-0.5943857006944321,-0.6309870433192587,-0.625148283234118,-0.6247393183726135,-1.1628093025442474,-1.5300723039211452,2.4604987409169823,-0.4064216670264658,-0.4064216670264658,-0.4064216670264658,-0.4127996940938137
-0.08369829989554987,-0.8959480923222233,-0.9025603507903713,-0.927301299253064,-0.12507452949341905,-1.8447341418438474,-1.057815726452176,-0.5582075004179078,-0.06465374054158204,-0.07035237714343431,-0.8803016015022873,0.5514025183523273,-0.9715187228112436,-0.21568203452849113,1.307746388053663,-0.392415325921181,-0.5014858873767987,-0.4955607730981318,-0.4935527388737926,-0.49108160855378125,-1.238734801146477,-0.7721784304501143,-0.7721784304501143,-0.7918175547897867,0.13956726905351338,-1.1128800381814534,1.0671125314073493,0.9831920802501752,-0.5015378066337676,-0.5015378066337676,-0.009420590154052484,-0.5852542849440484,0.30998749742306747,-0.5927089101596051,-0.5912432093090835,-0.5943857006944321,-1.1781219878585494,-0.625148283234118,-0.6247393183726135,-1.1628093025442474,-1.3471480503572177,-0.4064216670264658,2.4604987409169823,-0.4064216670264658,-0.4064216670264658,-0.4127996940938137
-0.08369829989554987,0.7508297393404546,-0.9025603507903713,-0.11240015748521992,-0.12507452949341905,-0.8114386050233912,0.4292035083989082,-1.0537590569113564,-0.5609662782284316,0.4259170940575488,-0.6757540230450845,-0.9715187228112436,0.5514025183523273,-0.21568203452849113,0.550935285432807,-0.16826826687541935,-0.5014858873767987,-0.4955607730981318,-0.4935527388737926,0.6956989454511902,-1.238734801146477,-0.7721784304501143,-0.7721784304501143,-0.7918175547897867,0.13956726905351338,-1.1128800381814534,-0.4975861803753371,0.9831920802501752,0.9692640757416632,-0.5015378066337676,-0.009420590154052484,-0.5852542849440484,-0.5889762451038282,-0.5927089101596051,-0.5912432093090835,-0.5943857006944321,-0.6309870433192587,-1.170846282980288,-0.07756830463015665,0.4776946323965555,-1.3471480503572177,-0.4064216670264658,-0.4064216670264658,2.4604987409169823,-0.4064216670264658,-0.4127996940938137
-0.08369829989554987,-0.8959480923222233,0.7390302523893285,-0.927301299253064,-0.9411858344379784,-0.8894526248779356,0.4292035083989082,0.43289561256898956,-0.06465374054158204,-0.5666218483444174,-0.5707670153341239,1.3128631389341128,-0.9715187228112436,-0.21568203452849113,-0.9626869198089051,0.2185238102250628,-0.5014858873767987,-0.4955607730981318,-0.4935527388737926,-0.49108160855378125,-1.238734801146477,-0.7721784304501143,-0.7721784304501143,0.13910308394955717,-0.7944598392276914,-1.1128800381814534,1.0671125314073493,-0.4915960401250875,-0.5015378066337676,-0.5015378066337676,-0.009420590154052484,-0.5852542849440484,-0.5889762451038282,-0.5927089101596051,-0.5912432093090835,-0.5943857006944321,-0.08385209877996791,-0.625148283234118,-1.1719103321150703,1.5713639223570908,-1.3471480503572177,-0.4064216670264658,-0.4064216670264658,-0.4064216670264658,2.4604987409169823,-0.4127996940938137
-0.08369829989554987,-0.07255917649088434,-0.9025603507903713,-0.927301299253064,0.6910367754511404,-0.8114386050233912,-0.5621426481684813,0.43289561256898956,-0.5609662782284316,0.4259170940575488,-0.5208183436935575,-0.9715187228112436,1.3128631389341128,-0.21568203452849113,2.064557490674519,0.4233816926139506,-0.5014858873767987,-0.4955607730981318,-0.4935527388737926,-0.49108160855378125,-1.238734801146477,-0.7721784304501143,-0.7721784304501143,0.13910308394955717,-0.7944598392276914,-1.3789172113743184,-0.4975861803753371,0.9831920802501752,0.9692640757416632,0.9692640757416632,-0.009420590154052484,-0.5852542849440484,-0.5889762451038282,-0.5927089101596051,-0.5912432093090835,-0.5943857006944321,-1.1781219878585494,-0.07945028348794805,-0.6247393183726135,-0.0691400125837121,-1.3471480503572177,-0.4064216670264658,-0.4064216670264658,-0.4064216670264658,-0.4064216670264658,2.4224824153400117
-0.08369829989554987,1.5742186551717934,-0.08176504920052141,-0.927301299253064,-0.9411858344379784,0.27078478387384797,0.4292035083989082,-0.5582075004179078,0.43165879714526756,-0.07035237714343431,-0.4723616904095585,-0.21005810222945814,-0.9715187228112436,1.3057506955238385,-0.205875817188049,0.4233816926139506,0.6172133998483675,-0.4955607730981318,-0.4935527388737926,-0.49108160855378125,-0.49894210951347323,-0.7721784304501143,-0.7721784304501143,-0.7918175547897867,0.13956726905351338,-2.293151741787655,2.631811243190036,-0.4915960401250875,-0.5015378066337676,-0.5015378066337676,0.5823365823245742,-0.5852542849440484,-0.5889762451038282,0.3066924011872375,-0.5912432093090835,-0.5943857006944321,-1.1781219878585494,-1.170846282980288,-0.6247393183726135,-0.6159746575639797,-1.2402591728269998,-0.4064216670264658,-0.4064216670264658,-0.4064216670264658,-0.4064216670264658,-0.4127996940938137
-0.08369829989554987,-0.8959480923222233,1.5598255539791783,-0.927301299253064,-0.9411858344379784,0.27078478387384797,-0.5621426481684813,0.43289561256898956,-0.5609662782284316,-0.07035237714343431,-0.5208183436935575,-0.9715187228112436,-0.21005810222945814,-0.9763983995546559,0.550935285432807,0.10929434038067233,-0.5014858873767987,0.6291467206289326,-0.4935527388737926,-0.49108160855378125,-0.49894210951347323,-0.7721784304501143,-0.7721784304501143,-0.7918175547897867,-0.7944598392276914,-2.293151741787655,-0.4975861803753371,2.4579802006254377,0.9692640757416632,-0.5015378066337676,0.5823365823245742,-0.5852542849440484,-0.5889762451038282,0.3066924011872375,-0.5912432093090835,-0.7937650509879588,1.0104177902986136,-1.170846282980288,-0.6247393183726135,-0.6159746575639797,-0.09138265197183881,-0.4064216670264658,-0.4064216670264658,-0.4064216670264658,-0.4064216670264658,-0.4127996940938137
-0.08369829989554987,-0.8959480923222233,-0.9025603507903713,-0.927301299253064,-0.9411858344379784,0.27078478387384797,0.4292035083989082,-0.5582075004179078,-1.0572788159152813,-0.5666218483444174,-0.4723616904095585,2.0743237595158983,-0.9715187228112436,0.5450343304976737,2.064557490674519,0.8764411648894291,0.6172133998483675,-0.4955607730981318,-0.4935527388737926,-0.49108160855378125,-0.28366654303294986,-0.7721784304501143,-0.7721784304501143,-0.7918175547897867,-0.7944598392276914,-2.293151741787655,-0.4975861803753371,-0.4915960401250875,0.9692640757416632,-0.5015378066337676,0.6648349773497241,1.211820637060618,-0.5889762451038282,-0.5927089101596051,-0.5912432093090835,-0.10859957391542459,-0.6309870433192587,1.0119457160043916,-1.1719103321150703,-0.6159746575639797,-0.09138265197183881,2.4604987409169823,-0.4064216670264658,-0.4064216670264658,-0.4064216670264658,-0.4127996940938137
-0.08369829989554987,0.7508297393404546,-0.9025603507903713,0.7025009842826242,-0.9411858344379784,0.2707847838738474,-0.5621426481684813,0.43289561256898956,0.43165879714526756,-0.07035237714343431,-0.7597106834060915,-0.9715187228112436,2.0743237595158983,-0.9763983995546559,-0.205875817188049,0.9864009665918616,-0.5014858873767987,0.6291467206289326,-0.4935527388737926,-0.49108160855378125,-0.28366654303294986,-0.7721784304501143,-0.7721784304501143,-0.7918175547897867,-0.7944598392276914,-2.293151741787655,-0.4975861803753371,-0.4915960401250875,-0.5015378066337676,-0.5015378066337676,0.6648349773497239,-0.5852542849440484,1.2089512399499631,-0.5927089101596051,-0.5912432093090835,-0.10859957391542459,-0.08385209877996791,-0.625148283234118,-0.6247393183726135,-0.6159746575639797,-0.19942452746257058,-0.4064216670264658,2.4604987409169823,-0.4064216670264658,-0.4064216670264658,-0.4127996940938137
-0.08369829989554987,-0.8959480923222233,0.7390302523893285,-0.927301299253064,-0.12507452949341905,0.27078478387384797,0.924876586682603,-0.5582075004179078,0.43165879714526756,-0.5666218483444174,-0.5208183436935566,-0.21005810222945814,-0.9715187228112436,1.3057506955238385,-0.205875817188049,0.848331812713264,-0.5014858873767987,-0.4955607730981318,-0.4935527388737926,-0.49108160855378125,-0.28366654303294986,-0.7721784304501143,-0.7721784304501143,-0.7918175547897867,-0.7944598392276914,-2.293151741787655,-0.4975861803753371,-0.4915960401250875,0.9692640757416632,0.9692640757416632,0.6648349773497239,-0.5852542849440484,-0.5889762451038282,-0.5927089101596051,-0.5912432093090835,-0.10859957391542459,-1.1781219878585494,-0.07945028348794805,-0.07756830463015665,-0.0691400125837121,-0.0391640121866364,-0.4064216670264658,-0.4064216670264658,2.4604987409169823,-0.4064216670264658,-0.4127996940938137
-0.08369829989554987,-0.07255917649088434,-0.9025603507903713,-0.11240015748521992,-0.9411858344379784,0.1184175821825961,-0.5621426481684813,0.9284471690624382,-0.5609662782284316,-0.07035237714343431,-0.4723616904095585,-0.9715187228112436,-0.21005810222945814,-0.9763983995546559,-0.205875817188049,0.5826055517085595,-0.5014858873767987,-0.4955607730981318,-0.4935527388737926,-0.49108160855378125,-0.28366654303294986,-0.7721784304501143,-0.7721784304501143,-0.7918175547897867,0.13956726905351338,-2.293151741787655,-0.4975861803753371,-0.4915960401250875,-0.5015378066337676,-0.5015378066337676,0.5823365823245736,-0.5852542849440484,-0.5889762451038282,-0.5927089101596051,-0.5912432093090835,-0.10859957391542459,-0.6309870433192587,-1.170846282980288,-1.1719103321150703,-1.1628093025442474,-0.09138265197183881,-0.4064216670264658,-0.4064216670264658,-0.4064216670264658,2.4604987409169823,-0.4127996940938137
-0.08369829989554987,-0.07255917649088434,-0.08176504920052141,1.5174021260504682,-0.9411858344379784,0.1184175821825961,-0.5621426481684813,-0.5582075004179078,0.43165879714526756,-0.5666218483444174,-0.4723616904095585,-0.9715187228112436,-0.9715187228112436,-0.21568203452849113,-0.205875817188049,0.5826055517085595,-0.5014858873767987,-0.4955607730981318,0.6669631606402603,-0.49108160855378125,-0.28366654303294986,-0.7721784304501143,-0.7721784304501143,-0.7918175547897867,0.13956726905351338,-2.293151741787655,-0.4975861803753371,-0.4915960401250875,2.440065958117094,0.9692640757416632,0.5823365823245736,0.3132831760582848,-0.5889762451038282,-0.5927089101596051,-0.5912432093090835,-0.05264485043060663,-0.6309870433192587,-0.625148283234118,-1.1719103321150703,-0.6159746575639797,-0.2272491690090574,-0.4064216670264658,-0.4064216670264658,-0.4064216670264658,-0.4064216670264658,2.4224824153400117
-0.08369829989554987,-0.8959480923222233,-0.08176504920052141,-0.927301299253064,-0.9411858344379784,-0.8114386050233912,-1.057815726452176,-0.5582075004179078,-0.5609662782284316,0.4259170940575488,-0.3347629365436708,-0.9715187228112436,-0.9715187228112436,-0.9763983995546559,1.307746388053663,0.6438013012175692,-0.5014858873767987,-0.4955607730981318,-0.4935527388737926,-0.49108160855378125,-0.49894210951347323,0.15657074165808765,-0.7721784304501143,-0.7918175547897867,-0.7944598392276914,-1.3789172113743184,-0.4975861803753371,-0.4915960401250875,-0.5015378066337676,-0.5015378066337676,-1.4380487815835084,3.008895559065284,0.30998749742306747,-0.5927089101596051,0.29055380571760675,1.2901327803303724,-1.1781219878585494,-0.625148283234118,1.016773722854757,-0.6159746575639797,-0.2272491690090574,-0.4064216670264658,-0.4064216670264658,-0.4064216670264658,-0.4064216670264658,-0.4127996940938137
-0.08369829989554987,-0.8959480923222233,-0.9025603507903713,-0.927301299253064,-0.9411858344379784,-0.8114386050233912,-1.057815726452176,-1.0537590569113564,0.43165879714526756,-0.5666218483444174,-0.1864187464938803,-0.9715187228112436,-0.9715187228112436,2.0664670605500035,-0.9626869198089051,0.6438013012175692,-0.5014858873767987,-0.4955607730981318,0.6669631606402603,-0.49108160855378125,-0.49894210951347323,-0.7721784304501143,0.15657074165808765,-0.7918175547897867,-0.7944598392276914,-1.3789172113743184,-0.4975861803753371,-0.4915960401250875,-0.5015378066337676,0.9692640757416632,-1.4380487815835084,-0.5852542849440484,3.0068787250037547,1.20609371253408,0.29055380571760675,1.2901327803303724,-0.08385209877996791,-1.170846282980288,-0.6247393183726135,-0.6159746575639797,-1.1419647054934337,-0.4064216670264658,-0.4064216670264658,-0.4064216670264658,-0.4064216670264658,-0.4127996940938137
-0.08369829989554987,0.7508297393404546,-0.9025603507903713,0.7025009842826242,-0.9411858344379784,-0.5259907979691257,-0.5621426481684813,-1.0537590569113564,-0.5609662782284316,-1.0628913195454006,-0.4022028396265008,-0.21005810222945814,-0.9715187228112436,-0.9763983995546559,0.550935285432807,-1.2734437667990017,-0.5014858873767987,-0.4955607730981318,-0.4935527388737926,-0.49108160855378125,-1.238734801146477,-0.7721784304501143,-0.7721784304501143,-0.7918175547897867,-0.7944598392276914,-1.3789172113743184,-0.4975861803753371,-0.4915960401250875,-0.5015378066337676,0.9692640757416632,-1.4380487815835084,-0.5852542849440484,-0.5889762451038282,-0.5927089101596051,-0.5912432093090835,1.2330325589354458,-0.08385209877996791,-0.07945028348794805,-0.07756830463015665,-1.1628093025442474,-1.0068774355316423,2.4604987409169823,-0.4064216670264658,-0.4064216670264658,-0.4064216670264658,-0.4127996940938137
-0.08369829989554987,-0.8959480923222233,0.7390302523893285,-0.927301299253064,0.6910367754511404,-0.8114386050233912,-1.057815726452176,-0.5582075004179078,0.9279713348321171,0.4259170940575488,-0.3128349005818147,-0.21005810222945814,-0.21005810222945814,-0.21568203452849113,-0.9626869198089051,-1.1848683464641006,-0.5014858873767987,-0.4955607730981318,-0.4935527388737926,-0.49108160855378125,-1.238734801146477,-0.7721784304501143,-0.7721784304501143,-0.7918175547897867,-0.7944598392276914,-1.3789172113743184,-0.4975861803753371,-0.4915960401250875,-0.5015378066337676,-0.5015378066337676,-1.4380487815835084,-0.5852542849440484,-0.5889762451038282,-0.5927089101596051,-0.5912432093090835,1.2330325589354458,-1.1781219878585494,-0.07945028348794805,-1.1719103321150703,-0.6159746575639797,-1.0068774355316423,-0.4064216670264658,2.4604987409169823,-0.4064216670264658,-0.4064216670264658,-0.4127996940938137
-0.08369829989554987,-0.8959480923222233,-0.9025603507903713,-0.11240015748521992,-0.9411858344379784,-0.8114386050233912,-0.5621426481684813,-1.0537590569113564,-0.5609662782284316,0.4259170940575488,-1.451735268052396,-0.9715187228112436,-0.21005810222945814,-0.9763983995546559,1.307746388053663,-1.2734437667990017,-0.5014858873767987,-0.4955607730981318,-0.4935527388737926,-0.49108160855378125,-1.238734801146477,-0.7721784304501143,-0.7721784304501143,-0.7918175547897867,-0.7944598392276914,-1.3789172113743184,-0.4975861803753371,-0.4915960401250875,-0.5015378066337676,0.9692640757416632,-1.4380487815835084,0.3132831760582848,-0.5889762451038282,-0.5927089101596051,-0.5912432093090835,1.174703954037695,-1.1781219878585494,-1.170846282980288,-0.6247393183726135,-0.0691400125837121,-1.0068774355316423,-0.4064216670264658,-0.4064216670264658,2.4604987409169823,-0.4064216670264658,-0.4127996940938137
-0.08369829989554987,-0.8959480923222233,-0.9025603507903713,-0.11240015748521992,-0.12507452949341905,-0.8114386050233906,-0.5621426481684813,-0.5582075004179078,-0.5609662782284316,-0.5666218483444174,-1.451735268052396,-0.9715187228112436,-0.9715187228112436,-0.9763983995546559,-0.9626869198089051,-1.2734437667990017,-0.5014858873767987,-0.4955607730981318,-0.4935527388737926,-0.49108160855378125,-1.238734801146477,-0.7721784304501143,-0.7721784304501143,-0.7918175547897867,-0.7944598392276914,-1.3789172113743184,-0.4975861803753371,-0.4915960401250875,-0.5015378066337676,-0.5015378066337676,-1.4380487815835084,-0.5852542849440484,0.30998749742306747,0.3066924011872375,-0.5912432093090835,1.174703954037695,-1.1781219878585494,-1.170846282980288,-0.6247393183726135,-1.1628093025442474,-0.923372853913944,-0.4064216670264658,-0.4064216670264658,-0.4064216670264658,2.4604987409169823,-0.4127996940938137
-0.08369829989554987,0.7508297393404546,-0.9025603507903713,-0.927301299253064,1.5071480803956998,-0.3334893880439358,-0.5621426481684813,-0.5582075004179078,-1.0572788159152813,0.4259170940575488,-1.451735268052396,-0.21005810222945814,-0.9715187228112436,-0.9763983995546559,-0.205875817188049,-1.1848683464641006,-0.5014858873767987,-0.4955607730981318,-0.4935527388737926,0.6956989454511902,-1.238734801146477,0.15657074165808765,-0.7721784304501143,0.13910308394955717,-0.7944598392276914,-1.1128800381814534,1.0671125314073493,-0.4915960401250875,-0.5015378066337676,2.440065958117094,-0.42785609962946736,0.3132831760582848,-0.5889762451038282,3.004896335227765,-0.5912432093090835,1.174703954037695,1.0104177902986136,-1.170846282980288,-1.1719103321150703,-1.1628093025442474,0.08671543451299775,-0.4064216670264658,-0.4064216670264658,-0.4064216670264658,-0.4064216670264658,2.4224824153400117
-0.08369829989554987,-0.07255917649088434,0.7390302523893285,-0.927301299253064,-0.9411858344379784,-0.39594322808745247,-0.06646956988478656,-0.5582075004179078,-1.0572788159152813,-0.5666218483444174,-1.2503599555316198,-0.9715187228112436,-0.21005810222945814,-0.9763983995546559,-0.9626869198089051,-1.1848683464641006,0.6172133998483675,-0.4955607730981318,-0.4935527388737926,-0.49108160855378125,-0.49894210951347323,-0.7721784304501143,0.15657074165808765,-0.7918175547897867,-0.7944598392276914,-1.3789172113743184,-0.4975861803753371,0.9831920802501752,-0.5015378066337676,-0.5015378066337676,-0.42785609962946736,-0.5852542849440484,0.30998749742306747,-0.5927089101596051,-0.5912432093090835,-0.5943857006944326,1.0104177902986136,1.0119457160043916,-0.07756830463015665,1.024529277376823,0.4532920606420952,-0.4064216670264658,-0.4064216670264658,-0.4064216670264658,-0.4064216670264658,-0.4127996940938137
-0.08369829989554987,1.5742186551717934,-0.08176504920052141,0.7025009842826242,-0.9411858344379784,0.2707847838738474,-1.057815726452176,-0.06265594392445911,-0.5609662782284316,0.4259170940575488,-1.2503599555316198,-0.9715187228112436,-0.9715187228112436,-0.21568203452849113,2.064557490674519,-1.1848683464641006,-0.5014858873767987,0.6291467206289326,-0.4935527388737926,0.6956989454511902,-0.49894210951347323,-0.7721784304501143,-0.7721784304501143,-0.7918175547897867,-0.7944598392276914,-1.3789172113743184,-0.4975861803753371,-0.4915960401250875,-0.5015378066337676,-0.5015378066337676,-0.42785609962946736,-0.5852542849440484,-0.5889762451038282,-0.5927089101596051,1.172350820744297,-0.5943857006944326,1.0104177902986136,1.0119457160043916,-0.07756830463015665,-0.6159746575639797,0.7787283897450815,-0.4064216670264658,-0.4064216670264658,-0.4064216670264658,-0.4064216670264658,-0.4127996940938137
-0.08369829989554987,-0.8959480923222233,1.5598255539791783,-0.927301299253064,0.6910367754511404,0.27078478387384797,-1.057815726452176,-1.0537590569113564,-1.0572788159152813,-0.5666218483444174,-1.1650892995962892,-0.21005810222945814,-0.9715187228112436,-0.21568203452849113,-0.9626869198089051,-1.1848683464641006,0.6172133998483675,-0.4955607730981318,-0.4935527388737926,-0.49108160855378125,-0.28366654303294986,0.15657074165808765,-0.7721784304501143,-0.7918175547897867,-0.7944598392276914,-1.1128800381814534,-0.4975861803753371,-0.4915960401250875,-0.5015378066337676,-0.5015378066337676,-0.42785609962946736,-0.5852542849440484,-0.5889762451038282,-0.5927089101596051,-0.5912432093090835,-0.5943857006944326,-0.6309870433192587,1.0119457160043916,-1.1719103321150703,-0.0691400125837121,0.8361802007622474,2.4604987409169823,-0.4064216670264658,-0.4064216670264658,-0.4064216670264658,-0.4127996940938137
-0.08369829989554987,0.7508297393404546,-0.9025603507903713,-0.927301299253064,-0.9411858344379784,0.2707847838738474,-0.5621426481684813,-1.0537590569113564,-0.5609662782284316,0.9221865652585319,-1.2503599555316198,-0.9715187228112436,-0.21005810222945814,-0.9763983995546559,-0.205875817188049,-1.2734437667990017,-0.5014858873767987,0.6291467206289326,-0.4935527388737926,-0.49108160855378125,-0.28366654303294986,-0.7721784304501143,0.15657074165808765,-0.7918175547897867,-0.7944598392276914,-1.1128800381814534,-0.4975861803753371,-0.4915960401250875,-0.5015378066337676,-0.5015378066337676,-0.42785609962946736,-0.5852542849440484,-0.5889762451038282,0.3066924011872375,-0.5912432093090835,-0.5943857006944326,-0.6309870433192587,-0.625148283234118,-1.1719103321150703,-1.1628093025442474,0.640546346737834,-0.4064216670264658,2.4604987409169823,-0.4064216670264658,-0.4064216670264658,-0.4127996940938137
-0.08369829989554987,2.397607571003132,0.7390302523893285,-0.927301299253064,-0.12507452949341905,0.9810975151494916,0.4292035083989082,-0.5582075004179078,-0.5609662782284316,-0.5666218483444174,-0.7597106834060927,-0.9715187228112436,-0.9715187228112436,-0.9763983995546559,-0.9626869198089051,-1.2734437667990017,0.6172133998483675,-0.4955607730981318,-0.4935527388737926,-0.49108160855378125,-0.1925099432945869,-0.7721784304501143,-0.7721784304501143,-0.7918175547897867,-0.7944598392276914,-1.1128800381814534,-0.4975861803753371,-0.4915960401250875,-0.5015378066337676,-0.5015378066337676,-0.42785609962946736,-0.5852542849440484,-0.5889762451038282,-0.5927089101596051,-0.5912432093090835,-0.7937650509879596,1.0104177902986136,-0.625148283234118,-1.1719103321150703,-0.6159746575639797,0.474686771516166,-0.4064216670264658,-0.4064216670264658,2.4604987409169823,-0.4064216670264658,-0.4127996940938137
-0.08369829989554987,0.7508297393404546,2.380620855569028,0.7025009842826242,-0.12507452949341905,0.4628918985172051,0.4292035083989082,0.43289561256898956,-0.5609662782284316,-0.5666218483444174,-0.49641183868414357,1.3128631389341128,-0.9715187228112436,-0.21568203452849113,-0.9626869198089051,-0.08524660531845886,-0.5014858873767987,0.6291467206289326,-0.4935527388737926,-0.49108160855378125,-0.1925099432945869,-0.7721784304501143,-0.7721784304501143,0.13910308394955717,-0.7944598392276914,-1.1128800381814534,2.631811243190036,-0.4915960401250875,0.9692640757416632,-0.5015378066337676,0.6648349773497235,-0.5852542849440484,-0.5889762451038282,0.3066924011872375,0.29055380571760675,-0.7937650509879596,-0.08385209877996791,1.0119457160043916,1.016773722854757,-0.6159746575639797,-0.0913826519718399,-0.4064216670264658,-0.4064216670264658,-0.4064216670264658,2.4604987409169823,-0.4127996940938137
-0.08369829989554987,0.7508297393404546,0.7390302523893285,-0.11240015748521992,-0.9411858344379784,0.4628918985172051,-0.5621426481684813,0.43289561256898956,-0.06465374054158204,-1.0628913195454006,-0.49641183868414357,0.5514025183523273,1.3128631389341128,-0.9763983995546559,-0.9626869198089051,0.10929434038067148,0.6172133998483675,-0.4955607730981318,0.6669631606402603,-0.49108160855378125,-0.19250994329458712,1.0853199137662897,-0.7721784304501143,-0.7918175547897867,0.13956726905351338,-0.39002080428833075,1.0671125314073493,2.4579802006254377,-0.5015378066337676,-0.5015378066337676,0.6648349773497235,-0.5852542849440484,-0.5889762451038282,-0.5927089101596051,2.9359448507976773,-1.4789305280604994,-0.6309870433192587,-0.07945028348794805,1.016773722854757,-1.1628093025442474,-0.013471413948622456,-0.4064216670264658,-0.4064216670264658,-0.4064216670264658,-0.4064216670264658,2.4224824153400117
-0.08369829989554987,-0.07255917649088434,0.7390302523893285,1.5174021260504682,-0.9411858344379784,0.4628918985172051,0.924876586682603,-0.5582075004179078,-1.0572788159152813,-1.0628913195454006,-0.06768609875979055,1.3128631389341128,0.5514025183523273,-0.9763983995546559,-0.9626869198089051,0.4233816926139506,-0.5014858873767987,0.6291467206289326,-0.4935527388737926,-0.49108160855378125,-0.1925099432945869,1.0853199137662897,1.0853199137662897,-0.7918175547897867,-0.7944598392276914,0.007621371421735738,1.0671125314073493,0.9831920802501752,-0.5015378066337676,-0.5015378066337676,0.6648349773497239,-0.5852542849440484,-0.5889762451038282,-0.5927089101596051,-0.5912432093090835,-1.4789305280604994,1.5575527348379044,-0.625148283234118,1.016773722854757,-0.0691400125837121,0.3214787948315206,-0.4064216670264658,-0.4064216670264658,-0.4064216670264658,-0.4064216670264658,-0.4127996940938137
-0.08369829989554987,-0.8959480923222233,-0.08176504920052141,-0.927301299253064,0.6910367754511404,0.7315125204597785,1.4205496649662976,0.9284471690624382,-1.0572788159152813,-0.5666218483444174,0.20300969205451555,2.0743237595158983,1.3128631389341128,-0.21568203452849113,-0.205875817188049,0.791321173819583,-0.5014858873767987,-0.4955607730981318,0.6669631606402603,-0.49108160855378125,-0.1925099432945869,-0.7721784304501143,1.0853199137662897,0.13910308394955717,-0.7944598392276914,0.007621371421736007,2.631811243190036,0.9831920802501752,-0.5015378066337676,-0.5015378066337676,0.9666907974873368,-0.5852542849440484,-0.5889762451038282,-0.5927089101596051,-0.5912432093090835,-1.4789305280604994,-0.08385209877996791,1.5576437157505616,-0.6247393183726135,-0.0691400125837121,0.13536289843326704,-0.4064216670264658,-0.4064216670264658,-0.4064216670264658,-0.4064216670264658,-0.4127996940938137
-0.08369829989554987,-0.8959480923222233,-0.9025603507903713,0.7025009842826242,-0.9411858344379784,0.7315125204597785,-0.5621426481684813,1.4239987255558868,-0.5609662782284316,-1.0628913195454006,-0.04855137395015001,-0.9715187228112436,2.0743237595158983,-0.9763983995546559,-0.205875817188049,1.0399823559017682,-0.5014858873767987,-0.4955607730981318,-0.4935527388737926,-0.49108160855378125,-0.28366654303294986,-0.7721784304501143,-0.7721784304501143,-0.7918175547897867,-0.7944598392276914,0.06739166542474595,1.0671125314073493,2.4579802006254377,-0.5015378066337676,-0.5015378066337676,0.7442168274742724,-0.5852542849440484,-0.5889762451038282,-0.5927089101596051,-0.5912432093090835,-1.4789305280604994,-0.6309870433192587,-0.07945028348794805,-0.6247393183726135,-1.1628093025442474,0.13536289843326704,2.4604987409169823,-0.4064216670264658,-0.4064216670264658,-0.4064216670264658,-0.4127996940938137
-0.08369829989554987,1.5742186551717934,-0.9025603507903713,2.332303267818312,-0.9411858344379784,0.9810975151494922,-0.06646956988478656,-0.5582075004179078,0.43165879714526756,-0.5666218483444174,-0.2069150296905951,0.5514025183523273,-0.9715187228112436,-0.9763983995546559,-0.9626869198089051,0.703708285989763,0.6172133998483675,-0.4955607730981318,0.6669631606402603,-0.49108160855378125,-0.1925099432945869,-0.7721784304501143,-0.7721784304501143,-0.7918175547897867,-0.7944598392276914,0.06739166542474595,-0.4975861803753371,0.9831920802501752,-0.5015378066337676,-0.5015378066337676,0.7442168274742724,1.211820637060618,-0.5889762451038282,-0.5927089101596051,0.29055380571760675,-0.1085995739154248,-0.6309870433192587,-0.625148283234118,1.016773722854757,-1.1628093025442474,0.13536289843326704,-0.4064216670264658,2.4604987409169823,-0.4064216670264658,-0.4064216670264658,-0.4127996940938137
-0.08369829989554987,0.7508297393404546,1.5598255539791783,0.7025009842826242,-0.9411858344379784,0.06582889208797565,4.890261212952161,-0.06265594392445911,0.43165879714526756,-0.5666218483444174,2.8144083563025712,0.5514025183523273,0.5514025183523273,1.3057506955238385,-0.9626869198089051,0.18267009131746964,-0.5014858873767987,0.6291467206289326,-0.4935527388737926,-0.49108160855378125,-0.28366654303294986,2.0140690858744916,-0.7721784304501143,-0.7918175547897867,-0.7944598392276914,0.8295536654408867,2.631811243190036,-0.4915960401250875,2.440065958117094,-0.5015378066337676,0.5823365823245745,-0.5852542849440484,1.2089512399499631,-0.5927089101596051,-0.5912432093090835,-0.1085995739154248,0.4632828457593228,-0.625148283234118,-0.07756830463015665,-1.1628093025442474,-0.09138265197183881,-0.4064216670264658,-0.4064216670264658,2.4604987409169823,-0.4064216670264658,-0.4127996940938137
0.32084348293294124,0.7508297393404546,0.7390302523893285,0.7025009842826242,0.6910367754511404,0.06582889208797565,1.9162227432499923,4.892859621010028,-0.5609662782284316,-0.5666218483444174,2.862469268556715,-0.21005810222945814,0.5514025183523273,0.5450343304976737,-0.205875817188049,0.2538540328681762,1.7359126870735337,-0.4955607730981318,0.6669631606402603,-0.49108160855378125,0.30126649167947933,2.9428182579826934,2.0140690858744916,1.070023722688901,0.13956726905351338,1.621366649747669,-0.4975861803753371,2.4579802006254377,0.9692640757416632,0.9692640757416632,0.7442168274742724,-0.5852542849440484,-0.5889762451038282,-0.5927089101596051,0.29055380571760675,-0.1085995739154248,2.651822623916486,0.46624771625822187,-0.6247393183726135,1.024529277376823,1.3307149488126604,-0.4064216670264658,-0.4064216670264658,-0.4064216670264658,2.4604987409169823,-0.4127996940938137
0.32084348293294124,0.7508297393404546,0.7390302523893285,-0.11240015748521992,-0.12507452949341905,0.06582889208797565,1.9162227432499923,1.9195502820493355,0.9279713348321171,-0.07035237714343431,2.4898774681696594,1.3128631389341128,-0.21005810222945814,1.3057506955238385,-0.9626869198089051,0.35691900320642206,-0.5014858873767987,1.753854214355997,-0.4935527388737926,0.6956989454511902,0.30126649167947933,0.15657074165808765,2.9428182579826934,1.070023722688901,-0.7944598392276914,1.621366649747669,-0.4975861803753371,-0.4915960401250875,0.9692640757416632,-0.5015378066337676,0.9666907974873368,-0.5852542849440484,-0.5889762451038282,-0.5927089101596051,-0.5912432093090835,-0.1085995739154248,-1.1781219878585494,2.649039715242901,1.5639447365972141,1.024529277376823,1.5863063601047116,-0.4064216670264658,-0.4064216670264658,-0.4064216670264658,-0.4064216670264658,2.4224824153400117
0.32084348293294124,-0.8959480923222233,0.7390302523893285,-0.927301299253064,1.5071480803956998,0.36829470212769705,0.4292035083989082,1.9195502820493355,1.4242838725189668,-1.0628913195454006,2.583668045770834,-0.9715187228112436,1.3128631389341128,2.0664670605500035,-0.9626869198089051,0.6438013012175683,-0.5014858873767987,-0.4955607730981318,-0.4935527388737926,-0.49108160855378125,0.30126649167947933,0.15657074165808765,0.15657074165808765,-0.7918175547897867,-0.7944598392276914,1.585616874513349,-0.4975861803753371,-0.4915960401250875,2.440065958117094,-0.5015378066337676,1.1042137172415354,-0.5852542849440484,-0.5889762451038282,-0.5927089101596051,-0.5912432093090835,-0.1085995739154248,-0.6309870433192587,-1.170846282980288,-0.07756830463015665,1.024529277376823,1.330714948812661,-0.4064216670264658,-0.4064216670264658,-0.4064216670264658,-0.4064216670264658,-0.4127996940938137
0.32084348293294124,-0.8959480923222233,-0.9025603507903713,-0.927301299253064,-0.9411858344379784,0.36829470212769705,2.411895821533687,0.43289561256898956,-0.5609662782284316,-1.0628913195454006,2.683907346553735,-0.21005810222945814,-0.9715187228112436,-0.9763983995546559,-0.205875817188049,-0.0852466053184597,-0.5014858873767987,-0.4955607730981318,-0.4935527388737926,0.6956989454511902,0.30126649167947933,1.0853199137662897,0.15657074165808765,-0.7918175547897867,0.13956726905351338,1.3637863798656802,1.0671125314073493,-0.4915960401250875,0.9692640757416632,-0.5015378066337676,0.6648349773497235,-0.5852542849440484,-0.5889762451038282,-0.5927089101596051,-0.5912432093090835,-0.1085995739154248,-0.08385209877996791,-0.625148283234118,-0.6247393183726135,-0.6159746575639797,1.330714948812661,-0.4064216670264658,-0.4064216670264658,-0.4064216670264658,-0.4064216670264658,-0.4127996940938137
0.32084348293294124,-0.8959480923222233,-0.9025603507903713,1.5174021260504682,0.6910367754511404,0.36829470212769705,-0.06646956988478656,2.4151018385427845,-0.06465374054158204,-0.5666218483444174,2.4552976019153276,2.0743237595158983,-0.21005810222945814,0.5450343304976737,-0.9626869198089051,0.35691900320642206,-0.5014858873767987,-0.4955607730981318,0.6669631606402603,-0.49108160855378125,0.30126649167947933,-0.7721784304501143,1.0853199137662897,-0.7918175547897867,-0.7944598392276914,1.3637863798656802,-0.4975861803753371,0.9831920802501752,-0.5015378066337676,-0.5015378066337676,0.6648349773497235,-0.5852542849440484,-0.5889762451038282,1.20609371253408,-0.5912432093090835,-0.1085995739154248,-1.1781219878585494,-0.07945028348794805,-0.6247393183726135,-0.6159746575639797,1.5081997469304596,2.4604987409169823,-0.4064216670264658,-0.4064216670264658,-0.4064216670264658,-0.4127996940938137
0.32084348293294124,-0.8959480923222233,-0.9025603507903713,0.7025009842826242,2.323259385340259,-0.09807150445468486,0.4292035083989082,-0.06265594392445911,4.898471636326914,0.4259170940575488,2.2693100969733826,-0.21005810222945814,2.0743237595158983,0.5450343304976737,-0.9626869198089051,0.42338169261395014,1.7359126870735337,-0.4955607730981318,-0.4935527388737926,0.6956989454511902,0.6714017150805768,1.0853199137662897,-0.7721784304501143,2.0009443614282447,-0.7944598392276914,0.960632798856433,-0.4975861803753371,-0.4915960401250875,2.440065958117094,-0.5015378066337676,0.6648349773497235,-0.5852542849440484,-0.5889762451038282,-0.5927089101596051,-0.5912432093090835,-1.4789305280604994,1.5575527348379044,-1.170846282980288,0.46960270911230023,1.024529277376823,1.812080685566042,-0.4064216670264658,2.4604987409169823,-0.4064216670264658,-0.4064216670264658,-0.4127996940938137
0.32084348293294124,-0.8959480923222233,-0.9025603507903713,0.7025009842826242,0.6910367754511404,-0.3334893880439333,-0.5621426481684813,0.43289561256898956,1.9205964102058164,0.4259170940575488,0.846128073978694,-0.21005810222945814,-0.21005810222945814,-0.21568203452849113,1.307746388053663,0.45598977664794504,0.6172133998483675,1.753854214355997,1.8274790601543132,-0.49108160855378125,0.6230359782710173,0.15657074165808765,1.0853199137662897,2.9318650001675888,-0.7944598392276914,0.7846203097892116,-0.4975861803753371,-0.4915960401250875,-0.5015378066337676,2.440065958117094,-0.42785609962946736,0.3132831760582848,-0.5889762451038282,-0.5927089101596051,-0.5912432093090835,-0.7937650509879597,0.4632828457593228,1.5576437157505616,2.6582867640821277,-0.0691400125837121,1.812080685566042,-0.4064216670264658,-0.4064216670264658,2.4604987409169823,-0.4064216670264658,-0.4127996940938137
0.32084348293294124,1.5742186551717934,-0.9025603507903713,0.7025009842826242,0.6910367754511404,0.36829470212769877,-0.5621426481684813,-0.5582075004179078,1.9205964102058164,-0.5666218483444174,0.9121379699093005,-0.21005810222945814,-0.21005810222945814,1.3057506955238385,0.550935285432807,0.45598977664794504,0.6172133998483675,0.6291467206289326,-0.4935527388737926,0.6956989454511902,0.3012664916794791,-0.7721784304501143,0.15657074165808765,0.13910308394955717,1.073594377334718,-0.3181794320744908,1.0671125314073493,-0.4915960401250875,-0.5015378066337676,0.9692640757416632,-0.13389563702730595,-0.5852542849440484,0.30998749742306747,-0.5927089101596051,-0.5912432093090835,-0.7937650509879597,0.4632828457593228,0.46624771625822187,-1.1719103321150703,-0.6159746575639797,0.495927001881287,-0.4064216670264658,-0.4064216670264658,-0.4064216670264658,2.4604987409169823,-0.4127996940938137
0.32084348293294124,-0.8959480923222233,1.5598255539791783,-0.927301299253064,-0.12507452949341905,0.0658288920879796,-0.06646956988478656,-0.5582075004179078,0.43165879714526756,0.9221865652585319,0.5215082480179073,0.5514025183523273,-0.21005810222945814,-0.9763983995546559,1.307746388053663,0.2185238102250628,-0.5014858873767987,0.6291467206289326,-0.4935527388737926,-0.49108160855378125,0.3012664916794791,2.0140690858744916,-0.7721784304501143,0.13910308394955717,1.073594377334718,0.3982818409957106,1.0671125314073493,0.9831920802501752,-0.5015378066337676,0.9692640757416632,-0.00942059015405278,-0.5852542849440484,-0.5889762451038282,-0.5927089101596051,-0.5912432093090835,-0.7937650509879597,-1.1781219878585494,0.46624771625822187,-0.6247393183726135,1.5713639223570908,0.495927001881287,-0.4064216670264658,-0.4064216670264658,-0.4064216670264658,-0.4064216670264658,2.4224824153400117
0.32084348293294124,1.5742186551717934,-0.9025603507903713,-0.927301299253064,-0.9411858344379784,0.8997737473389777,-0.5621426481684813,-0.06265594392445911,2.416908947892666,1.418456036459515,0.6387183142783613,-0.9715187228112436,0.5514025183523273,-0.21568203452849113,2.064557490674519,0.2185238102250628,-0.5014858873767987,-0.4955607730981318,-0.4935527388737926,-0.49108160855378125,0.3012664916794791,0.15657074165808765,2.0140690858744916,1.070023722688901,-0.7944598392276914,0.3982818409957106,-0.4975861803753371,0.9831920802501752,0.9692640757416632,2.440065958117094,-0.00942059015405278,0.3132831760582848,-0.5889762451038282,-0.5927089101596051,-0.5912432093090835,-0.5943857006944326,-0.08385209877996791,-1.170846282980288,-0.07756830463015665,-0.0691400125837121,0.4100253873954279,-0.4064216670264658,-0.4064216670264658,-0.4064216670264658,-0.4064216670264658,-0.4127996940938137
0.32084348293294124,-0.07255917649088434,1.5598255539791783,-0.927301299253064,-0.9411858344379784,0.774320485594363,-0.06646956988478656,-0.5582075004179078,-0.06465374054158204,-0.5666218483444174,-1.1650892995962843,-0.21005810222945814,-0.9715187228112436,2.0664670605500035,-0.9626869198089051,0.2185238102250628,2.8546119742987,-0.4955607730981318,-0.4935527388737926,-0.49108160855378125,1.0213692041757636,1.0853199137662897,0.15657074165808765,-0.7918175547897867,-0.7944598392276914,0.3982818409957106,-0.4975861803753371,-0.4915960401250875,-0.5015378066337676,0.9692640757416632,-0.13389563702730609,-0.5852542849440484,0.30998749742306747,-0.5927089101596051,-0.5912432093090835,-0.5943857006944326,-0.08385209877996791,-0.07945028348794805,-1.1719103321150703,-0.6159746575639797,0.4100253873954279,-0.4064216670264658,-0.4064216670264658,-0.4064216670264658,-0.4064216670264658,-0.4127996940938137
0.32084348293294124,-0.8959480923222233,-0.08176504920052141,-0.927301299253064,1.5071480803956998,0.774320485594363,0.4292035083989082,-0.06265594392445911,0.43165879714526756,-0.07035237714343431,-0.9789089010148109,1.3128631389341128,-0.21005810222945814,-0.21568203452849113,0.550935285432807,-0.392415325921181,0.6172133998483675,2.878561708083061,1.8274790601543132,0.6956989454511902,0.8537149145573026,1.0853199137662897,1.0853199137662897,1.070023722688901,-0.7944598392276914,0.06739166542474434,1.0671125314073493,-0.4915960401250875,-0.5015378066337676,-0.5015378066337676,-0.00942059015405278,-0.5852542849440484,-0.5889762451038282,-0.5927089101596051,1.172350820744297,-0.5943857006944326,1.5575527348379044,-0.07945028348794805,1.5639447365972141,-0.6159746575639797,0.41002538739542677,2.4604987409169823,-0.4064216670264658,-0.4064216670264658,-0.4064216670264658,-0.4127996940938137
0.32084348293294124,-0.07255917649088434,-0.9025603507903713,-0.927301299253064,0.6910367754511404,0.5998561776449814,1.4205496649662976,0.43289561256898956,-0.5609662782284316,4.892342334866397,-0.24857247590408024,0.5514025183523273,1.3128631389341128,-0.21568203452849113,0.550935285432807,-0.3454191075452228,-0.5014858873767987,0.6291467206289326,0.6669631606402603,-0.49108160855378125,0.8537149145573031,-0.7721784304501143,1.0853199137662897,0.13910308394955717,2.007621485615923,0.3982818409957106,1.0671125314073493,0.9831920802501752,-0.5015378066337676,2.440065958117094,-0.009420590154052484,0.3132831760582848,-0.5889762451038282,0.3066924011872375,-0.5912432093090835,-0.5099602179146847,0.4632828457593228,1.5576437157505616,0.46960270911230023,0.4776946323965555,-0.013471413948622097,-0.4064216670264658,2.4604987409169823,-0.4064216670264658,-0.4064216670264658,-0.4127996940938137
0.32084348293294124,-0.8959480923222233,-0.08176504920052141,1.5174021260504682,0.6910367754511404,0.5998561776449814,1.4205496649662976,1.4239987255558868,-0.5609662782284316,1.914725507660498,0.06277512213734512,0.5514025183523273,0.5514025183523273,-0.21568203452849113,-0.205875817188049,-0.34541910754522304,0.6172133998483675,-0.4955607730981318,0.6669631606402603,1.8824794994561616,0.8537149145573031,1.0853199137662897,-0.7721784304501143,-0.7918175547897867,2.9416485938971277,0.4495518494523461,-0.4975861803753371,0.9831920802501752,0.9692640757416632,-0.5015378066337676,-0.009420590154052484,-0.5852542849440484,0.30998749742306747,-0.5927089101596051,-0.5912432093090835,-0.5943857006944326,0.4632828457593228,0.46624771625822187,0.46960270911230023,2.6650332123176264,-0.013471413948622097,-0.4064216670264658,-0.4064216670264658,2.4604987409169823,-0.4064216670264658,-0.4127996940938137
0.32084348293294124,1.5742186551717934,-0.9025603507903713,-0.927301299253064,0.6910367754511404,0.5998561776449814,-0.5621426481684813,1.4239987255558868,-0.06465374054158204,1.914725507660498,0.06277512213734512,-0.21005810222945814,0.5514025183523273,0.5450343304976737,1.307746388053663,-0.34541910754522304,-0.5014858873767987,0.6291467206289326,-0.4935527388737926,-0.49108160855378125,0.9391559132400905,2.0140690858744916,1.0853199137662897,2.0009443614282447,0.13956726905351338,0.2926940024130132,1.0671125314073493,-0.4915960401250875,0.9692640757416632,-0.5015378066337676,-0.009420590154052484,-0.5852542849440484,-0.5889762451038282,-0.5927089101596051,-0.5912432093090835,-0.5943857006944326,1.0104177902986136,0.46624771625822187,-1.1719103321150703,-1.1628093025442474,0.13536289843326668,-0.4064216670264658,-0.4064216670264658,-0.4064216670264658,2.4604987409169823,-0.4127996940938137
0.32084348293294124,0.7508297393404546,1.5598255539791783,1.5174021260504682,-0.9411858344379784,0.41594114056465575,0.924876586682603,-0.5582075004179078,-0.5609662782284316,0.4259170940575488,0.09865609230934773,0.5514025183523273,-0.21005810222945814,-0.9763983995546559,-0.9626869198089051,-0.34541910754522304,-0.5014858873767987,-0.4955607730981318,-0.4935527388737926,-0.49108160855378125,0.9391559132400905,0.15657074165808765,2.0140690858744916,0.13910308394955717,0.13956726905351338,0.06739166542474434,2.631811243190036,0.9831920802501752,-0.5015378066337676,-0.5015378066337676,0.5823365823245739,1.211820637060618,-0.5889762451038282,0.3066924011872375,-0.5912432093090835,-0.05264485043060703,0.4632828457593228,1.0119457160043916,-0.07756830463015665,-0.6159746575639797,-0.7321070449462834,-0.4064216670264658,-0.4064216670264658,-0.4064216670264658,-0.4064216670264658,2.4224824153400117
0.32084348293294124,-0.07255917649088434,0.7390302523893285,-0.11240015748521992,-0.9411858344379784,-0.09807150445468543,-0.5621426481684813,0.9284471690624382,-0.06465374054158204,2.4109949788614813,0.09865609230934773,-0.9715187228112436,0.5514025183523273,-0.21568203452849113,-0.205875817188049,-0.34541910754522304,-0.5014858873767987,-0.4955607730981318,2.987994959668366,-0.49108160855378125,0.9391559132400905,-0.7721784304501143,0.15657074165808765,1.070023722688901,1.073594377334718,0.4495518494523461,2.631811243190036,2.4579802006254377,-0.5015378066337676,0.9692640757416632,0.7442168274742724,-0.5852542849440484,1.2089512399499631,-0.5927089101596051,-0.5912432093090835,-0.05264485043060683,-0.6309870433192587,0.46624771625822187,-0.07756830463015665,-0.0691400125837121,-0.3719079707872701,-0.4064216670264658,-0.4064216670264658,-0.4064216670264658,-0.4064216670264658,-0.4127996940938137
0.32084348293294124,-0.8959480923222233,-0.08176504920052141,-0.927301299253064,-0.9411858344379784,0.11841758218259722,0.924876586682603,-0.5582075004179078,0.43165879714526756,-0.07035237714343431,0.06277512213734542,0.5514025183523273,-0.9715187228112436,1.3057506955238385,2.064557490674519,-0.3924153259211816,-0.5014858873767987,-0.4955607730981318,0.6669631606402603,-0.49108160855378125,-0.2836665430329506,2.0140690858744916,-0.7721784304501143,1.070023722688901,-0.7944598392276914,0.7846203097892116,-0.4975861803753371,2.4579802006254377,0.9692640757416632,-0.5015378066337676,0.7442168274742724,-0.5852542849440484,-0.5889762451038282,-0.5927089101596051,-0.5912432093090835,-0.05264485043060683,-0.08385209877996791,-0.625148283234118,1.5639447365972141,-1.1628093025442474,-0.3719079707872701,-0.4064216670264658,-0.4064216670264658,-0.4064216670264658,-0.4064216670264658,-0.4127996940938137
0.32084348293294124,0.7508297393404546,-0.9025603507903713,-0.11240015748521992,-0.9411858344379784,0.012256980478855189,0.924876586682603,0.9284471690624382,1.4242838725189668,0.4259170940575488,0.08078795141802049,1.3128631389341128,0.5514025183523273,0.5450343304976737,-0.205875817188049,-0.3924153259211816,-0.5014858873767987,-0.4955607730981318,-0.4935527388737926,1.8824794994561616,-0.49894210951347434,0.15657074165808765,2.0140690858744916,-0.7918175547897867,1.073594377334718,0.784620309789212,-0.4975861803753371,-0.4915960401250875,0.9692640757416632,-0.5015378066337676,0.9666907974873368,-0.5852542849440484,-0.5889762451038282,0.3066924011872375,-0.5912432093090835,-0.05264485043060683,-1.1781219878585494,-0.07945028348794805,0.46960270911230023,1.5713639223570908,-0.22724916900905703,2.4604987409169823,-0.4064216670264658,-0.4064216670264658,-0.4064216670264658,-0.4127996940938137
0.32084348293294124,-0.8959480923222233,0.7390302523893285,-0.927301299253064,-0.9411858344379784,0.2707847838738491,-0.06646956988478656,0.9284471690624382,1.4242838725189668,-0.5666218483444174,-0.029589824757325085,-0.9715187228112436,1.3128631389341128,0.5450343304976737,-0.205875817188049,-0.044933995956960716,0.6172133998483675,-0.4955607730981318,0.6669631606402603,0.6956989454511902,-0.2836665430329506,-0.7721784304501143,0.15657074165808765,1.070023722688901,0.13956726905351338,0.784620309789212,-0.4975861803753371,-0.4915960401250875,-0.5015378066337676,-0.5015378066337676,1.1042137172415354,-0.5852542849440484,-0.5889762451038282,-0.5927089101596051,0.29055380571760675,-0.1085995739154248,-0.6309870433192587,-1.170846282980288,0.46960270911230023,0.4776946323965555,-0.17193719169981111,-0.4064216670264658,2.4604987409169823,-0.4064216670264658,-0.4064216670264658,-0.4127996940938137
0.32084348293294124,1.5742186551717934,-0.9025603507903713,1.5174021260504682,1.5071480803956998,0.41594114056465575,-0.5621426481684813,-0.06265594392445911,-0.5609662782284316,-0.5666218483444174,-0.1864187464938777,-0.9715187228112436,-0.9715187228112436,-0.21568203452849113,-0.205875817188049,0.10929434038067148,-0.5014858873767987,0.6291467206289326,-0.4935527388737926,0.6956989454511902,-0.49894210951347434,1.0853199137662897,-0.7721784304501143,2.0009443614282447,-0.7944598392276914,0.784620309789212,1.0671125314073493,-0.4915960401250875,0.9692640757416632,0.9692640757416632,0.9666907974873368,-0.5852542849440484,-0.5889762451038282,-0.5927089101596051,-0.5912432093090835,-0.1085995739154248,2.104687679377195,-0.625148283234118,1.016773722854757,0.4776946323965555,0.8926497123391037,-0.4064216670264658,-0.4064216670264658,2.4604987409169823,-0.4064216670264658,-0.4127996940938137
0.32084348293294124,-0.07255917649088434,1.5598255539791783,0.7025009842826242,-0.9411858344379784,0.012256980478855189,-0.06646956988478656,-0.5582075004179078,0.9279713348321171,-0.07035237714343431,-0.33476293654366823,-0.9715187228112436,-0.9715187228112436,0.5450343304976737,0.550935285432807,0.2538540328681775,-0.5014858873767987,-0.4955607730981318,-0.4935527388737926,-0.49108160855378125,-0.49894210951347434,1.0853199137662897,1.0853199137662897,0.13910308394955717,2.007621485615923,0.3982818409957106,-0.4975861803753371,0.9831920802501752,2.440065958117094,0.9692640757416632,1.1042137172415354,-0.5852542849440484,-0.5889762451038282,1.20609371253408,-0.5912432093090835,-0.1085995739154248,-0.08385209877996791,2.1033417154967315,0.46960270911230023,-1.1628093025442474,0.7005054412726753,-0.4064216670264658,-0.4064216670264658,-0.4064216670264658,2.4604987409169823,-0.4127996940938137
0.32084348293294124,-0.07255917649088434,-0.08176504920052141,-0.11240015748521992,1.5071480803956998,-0.09807150445468543,-0.06646956988478656,-0.06265594392445911,-0.5609662782284316,-0.5666218483444174,-0.520818343693555,-0.21005810222945814,-0.9715187228112436,-0.9763983995546559,-0.9626869198089051,0.10929434038067233,-0.5014858873767987,-0.4955607730981318,-0.4935527388737926,-0.49108160855378125,-0.49894210951347434,0.15657074165808765,1.0853199137662897,-0.7918175547897867,0.13956726905351338,0.3982818409957106,-0.4975861803753371,-0.4915960401250875,2.440065958117094,-0.5015378066337676,0.6648349773497235,-0.5852542849440484,-0.5889762451038282,-0.5927089101596051,0.29055380571760675,-1.4789305280604994,-0.08385209877996791,-0.07945028348794805,-0.6247393183726135,-0.0691400125837121,0.6405463467378354,-0.4064216670264658,-0.4064216670264658,-0.4064216670264658,-0.4064216670264658,2.4224824153400117
0.32084348293294124,3.220996486834471,-0.08176504920052141,-0.927301299253064,-0.12507452949341905,1.7480340628715094,-0.5621426481684813,-0.06265594392445911,0.9279713348321171,-0.07035237714343431,-0.520818343693555,-0.9715187228112436,-0.21005810222945814,0.5450343304976737,-0.205875817188049,0.10929434038067233,0.6172133998483675,-0.4955607730981318,-0.4935527388737926,3.0692600534611327,-0.2836665430329506,1.0853199137662897,0.15657074165808765,2.0009443614282447,1.073594377334718,0.06739166542474434,-0.4975861803753371,-0.4915960401250875,-0.5015378066337676,-0.5015378066337676,-0.4278560996294672,0.3132831760582848,-0.5889762451038282,-0.5927089101596051,-0.5912432093090835,-0.7937650509879597,0.4632828457593228,-0.07945028348794805,-0.07756830463015665,-0.0691400125837121,0.599922465490568,-0.4064216670264658,-0.4064216670264658,-0.4064216670264658,-0.4064216670264658,-0.4127996940938137
0.32084348293294124,-0.07255917649088434,3.201416157158878,0.7025009842826242,-0.9411858344379784,1.4363823325167142,-1.057815726452176,-0.5582075004179078,0.9279713348321171,0.4259170940575488,-0.5208183436935552,-0.9715187228112436,-0.9715187228112436,1.3057506955238385,1.307746388053663,-0.04493399595695902,-0.5014858873767987,0.6291467206289326,-0.4935527388737926,0.6956989454511902,-0.2836665430329506,2.0140690858744916,1.0853199137662897,0.13910308394955717,1.073594377334718,0.06739166542474434,2.631811243190036,-0.4915960401250875,-0.5015378066337676,0.9692640757416632,0.6648349773497235,-0.5852542849440484,0.30998749742306747,-0.5927089101596051,-0.5912432093090835,-0.7937650509879597,-1.1781219878585494,0.46624771625822187,-1.1719103321150703,1.5713639223570908,0.9112631325794632,-0.4064216670264658,-0.4064216670264658,-0.4064216670264658,-0.4064216670264658,-0.4127996940938137
0.32084348293294124,0.7508297393404546,-0.08176504920052141,-0.927301299253064,-0.12507452949341905,1.4363823325167142,-1.057815726452176,-1.0537590569113564,-0.06465374054158204,1.418456036459515,-0.9789089010148114,0.5514025183523273,-0.9715187228112436,-0.9763983995546559,0.550935285432807,-0.7050736261165987,-0.5014858873767987,-0.4955607730981318,0.6669631606402603,-0.49108160855378125,-0.2836665430329506,0.15657074165808765,2.0140690858744916,-0.7918175547897867,-0.7944598392276914,0.06739166542474434,-0.4975861803753371,2.4579802006254377,-0.5015378066337676,0.9692640757416632,0.6648349773497235,-0.5852542849440484,-0.5889762451038282,-0.5927089101596051,0.29055380571760675,-0.7937650509879597,-0.6309870433192587,-1.170846282980288,-0.6247393183726135,0.4776946323965555,0.7005054412726757,2.4604987409169823,-0.4064216670264658,-0.4064216670264658,-0.4064216670264658,-0.4127996940938137
0.32084348293294124,2.397607571003132,0.7390302523893285,1.5174021260504682,-0.9411858344379784,1.2902554290326314,0.4292035083989082,-1.0537590569113564,-0.5609662782284316,1.418456036459515,-0.7031958040458144,-0.21005810222945814,0.5514025183523273,-0.9763983995546559,0.550935285432807,-0.705073626116599,-0.5014858873767987,-0.4955607730981318,-0.4935527388737926,0.6956989454511902,-0.49894210951347434,0.15657074165808765,0.15657074165808765,1.070023722688901,1.073594377334718,-0.4646826809609889,-0.4975861803753371,-0.4915960401250875,0.9692640757416632,-0.5015378066337676,0.6648349773497235,-0.5852542849440484,-0.5889762451038282,-0.5927089101596051,-0.5912432093090835,-0.7937650509879597,-0.08385209877996791,-0.625148283234118,2.111115750339671,0.4776946323965555,0.599922465490568,-0.4064216670264658,2.4604987409169823,-0.4064216670264658,-0.4064216670264658,-0.4127996940938137
0.32084348293294124,-0.8959480923222233,2.380620855569028,-0.11240015748521992,1.5071480803956998,1.814432461531703,-1.057815726452176,0.43289561256898956,-0.06465374054158204,-0.5666218483444174,-0.5707670153341219,-0.9715187228112436,-0.21005810222945814,-0.9763983995546559,-0.205875817188049,-0.705073626116599,-0.5014858873767987,-0.4955607730981318,-0.4935527388737926,-0.49108160855378125,-0.49894210951347434,-0.7721784304501143,0.15657074165808765,1.070023722688901,2.007621485615923,0.0673916654247446,-0.4975861803753371,-0.4915960401250875,-0.5015378066337676,0.9692640757416632,0.5823365823245736,-0.5852542849440484,-0.5889762451038282,-0.5927089101596051,-0.5912432093090835,-0.7937650509879597,-0.6309870433192587,-0.07945028348794805,-0.07756830463015665,1.024529277376823,-0.8832707452163495,-0.4064216670264658,-0.4064216670264658,2.4604987409169823,-0.4064216670264658,-0.4127996940938137
0.32084348293294124,-0.07255917649088434,-0.9025603507903713,-0.11240015748521992,0.6910367754511404,1.814432461531703,-0.06646956988478656,-1.0537590569113564,-0.06465374054158204,0.9221865652585319,-0.5707670153341219,-0.21005810222945814,-0.9715187228112436,-0.21568203452849113,0.550935285432807,-0.7637788059889001,-0.5014858873767987,-0.4955607730981318,-0.4935527388737926,-0.49108160855378125,-0.49894210951347434,-0.7721784304501143,-0.7721784304501143,0.13910308394955717,0.13956726905351338,0.2926940024130148,-0.4975861803753371,-0.4915960401250875,-0.5015378066337676,2.440065958117094,0.5823365823245736,-0.5852542849440484,-0.5889762451038282,-0.5927089101596051,1.172350820744297,-0.7937650509879597,-1.1781219878585494,-0.625148283234118,-0.07756830463015665,0.4776946323965555,-0.6612642450133582,-0.4064216670264658,-0.4064216670264658,-0.4064216670264658,2.4604987409169823,-0.4127996940938137
0.32084348293294124,-0.07255917649088434,-0.08176504920052141,3.147204409586156,-0.12507452949341905,1.814432461531703,-1.057815726452176,-0.06265594392445911,-0.5609662782284316,-0.5666218483444174,-0.5707670153341224,-0.9715187228112436,-0.21005810222945814,-0.9763983995546559,-0.9626869198089051,-0.705073626116599,-0.5014858873767987,-0.4955607730981318,0.6669631606402603,-0.49108160855378125,-0.49894210951347434,-0.7721784304501143,-0.7721784304501143,1.070023722688901,-0.7944598392276914,0.4998808839200189,-0.4975861803753371,-0.4915960401250875,-0.5015378066337676,2.440065958117094,0.5823365823245736,-0.5852542849440484,-0.5889762451038282,0.3066924011872375,-0.5912432093090835,-0.7937650509879597,-1.1781219878585494,-1.170846282980288,0.46960270911230023,-0.6159746575639797,-0.5930976761369078,-0.4064216670264658,-0.4064216670264658,-0.4064216670264658,-0.4064216670264658,2.4224824153400117
0.32084348293294124,-0.8959480923222233,-0.08176504920052141,-0.11240015748521992,-0.9411858344379784,0.6881792452568017,-0.06646956988478656,-1.0537590569113564,-1.0572788159152813,0.9221865652585319,-0.4723616904095574,-0.9715187228112436,-0.9715187228112436,-0.9763983995546559,0.550935285432807,-0.705073626116599,-0.5014858873767987,-0.4955607730981318,-0.4935527388737926,-0.49108160855378125,-1.238734801146477,-0.7721784304501143,-0.7721784304501143,2.0009443614282447,2.007621485615923,0.39828184099571223,-0.4975861803753371,-0.4915960401250875,2.440065958117094,-0.5015378066337676,0.5823365823245736,-0.5852542849440484,-0.5889762451038282,-0.5927089101596051,-0.5912432093090835,-1.4789305280604994,-0.6309870433192587,-1.170846282980288,-1.1719103321150703,-0.0691400125837121,-1.2402591728269945,-0.4064216670264658,-0.4064216670264658,-0.4064216670264658,-0.4064216670264658,-0.4127996940938137
0.7253852657614324,-0.8959480923222233,-0.9025603507903713,0.7025009842826242,0.6910367754511404,0.8997737473389772,-0.06646956988478656,-0.06265594392445911,-1.0572788159152813,0.9221865652585319,-0.5208183436935555,-0.9715187228112436,-0.9715187228112436,0.5450343304976737,1.307746388053663,-0.705073626116599,-0.5014858873767987,-0.4955607730981318,-0.4935527388737926,-0.49108160855378125,-1.238734801146477,2.0140690858744916,-0.7721784304501143,0.13910308394955717,0.13956726905351338,0.39828184099571223,1.0671125314073493,-0.4915960401250875,-0.5015378066337676,-0.5015378066337676,-0.4278560996294672,-0.5852542849440484,-0.5889762451038282,-0.5927089101596051,-0.5912432093090835,-1.4789305280604994,-1.1781219878585494,-0.625148283234118,-0.6247393183726135,-1.1628093025442474,-1.2402591728269945,-0.4064216670264658,-0.4064216670264658,-0.4064216670264658,-0.4064216670264658,-0.4127996940938137
0.7253852657614324,-0.07255917649088434,-0.9025603507903713,2.332303267818312,-0.9411858344379784,0.7743204855943635,0.4292035083989082,-0.06265594392445911,0.43165879714526756,-0.07035237714343431,-0.5208183436935552,-0.21005810222945814,-0.9715187228112436,-0.21568203452849113,-0.9626869198089051,-1.184868346464099,-0.5014858873767987,-0.4955607730981318,-0.4935527388737926,0.6956989454511902,-1.238734801146477,0.15657074165808765,2.0140690858744916,0.13910308394955717,-0.7944598392276914,0.39828184099571223,-0.4975861803753371,0.9831920802501752,-0.5015378066337676,-0.5015378066337676,-0.4278560996294672,-0.5852542849440484,-0.5889762451038282,-0.5927089101596051,-0.5912432093090835,-1.4789305280604994,1.0104177902986136,-1.170846282980288,-0.07756830463015665,-0.6159746575639797,-0.09138265197183629,2.4604987409169823,-0.4064216670264658,-0.4064216670264658,-0.4064216670264658,-0.4127996940938137
0.7253852657614324,0.7508297393404546,-0.08176504920052141,-0.927301299253064,1.5071480803956998,-0.889452624877932,-0.06646956988478656,0.43289561256898956,-1.0572788159152813,-0.5666218483444174,-0.6757540230450816,-0.21005810222945814,-0.21005810222945814,-0.9763983995546559,-0.9626869198089051,-1.184868346464099,0.6172133998483675,-0.4955607730981318,-0.4935527388737926,-0.49108160855378125,-0.49894210951347434,-0.7721784304501143,0.15657074165808765,-0.7918175547897867,1.073594377334718,0.4495518494523482,-0.4975861803753371,-0.4915960401250875,-0.5015378066337676,0.9692640757416632,-0.4278560996294672,-0.5852542849440484,-0.5889762451038282,-0.5927089101596051,-0.5912432093090835,-1.4789305280604994,-0.08385209877996791,1.0119457160043916,-0.6247393183726135,2.1181985673373585,-0.09138265197183629,-0.4064216670264658,2.4604987409169823,-0.4064216670264658,-0.4064216670264658,-0.4127996940938137
0.7253852657614324,-0.8959480923222233,0.7390302523893285,-0.11240015748521992,-0.12507452949341905,-0.889452624877932,2.411895821533687,-0.06265594392445911,-0.06465374054158204,-0.07035237714343431,0.6387183142783619,0.5514025183523273,-0.21005810222945814,-0.21568203452849113,-0.9626869198089051,-0.7637788059889001,3.9733112615238664,0.6291467206289326,-0.4935527388737926,-0.49108160855378125,1.6894490301671343,0.15657074165808765,-0.7721784304501143,-0.7918175547897867,1.073594377334718,0.39828184099571223,-0.4975861803753371,-0.4915960401250875,-0.5015378066337676,-0.5015378066337676,-0.4278560996294672,-0.5852542849440484,-0.5889762451038282,-0.5927089101596051,-0.5912432093090835,-1.4789305280604994,0.4632828457593228,-0.07945028348794805,-1.1719103321150703,-0.0691400125837121,0.15934874953664457,-0.4064216670264658,-0.4064216670264658,2.4604987409169823,-0.4064216670264658,-0.4127996940938137
0.7253852657614324,-0.07255917649088434,-0.9025603507903713,-0.11240015748521992,-0.12507452949341905,-0.889452624877932,0.924876586682603,2.4151018385427845,-1.0572788159152813,-0.07035237714343431,0.695509437137558,-0.21005810222945814,0.5514025183523273,-0.9763983995546559,-0.205875817188049,-0.7637788059889001,-0.5014858873767987,4.0032692018101255,-0.4935527388737926,-0.49108160855378125,1.6894490301671343,-0.7721784304501143,0.15657074165808765,-0.7918175547897867,0.13956726905351338,0.39828184099571223,-0.4975861803753371,-0.4915960401250875,-0.5015378066337676,-0.5015378066337676,-0.4278560996294672,-0.5852542849440484,-0.5889762451038282,-0.5927089101596051,-0.5912432093090835,-1.4789305280604994,1.0104177902986136,0.46624771625822187,-1.1719103321150703,-0.0691400125837121,0.3438769516473238,-0.4064216670264658,-0.4064216670264658,-0.4064216670264658,2.4604987409169823,-0.4127996940938137
0.7253852657614324,1.5742186551717934,-0.08176504920052141,-0.927301299253064,3.1393706902848186,0.11841758218259778,1.4205496649662976,0.9284471690624382,-0.06465374054158204,-0.5666218483444174,0.3191736948339829,2.0743237595158983,-0.21005810222945814,-0.9763983995546559,-0.9626869198089051,0.4233816926139514,-0.5014858873767987,-0.4955607730981318,-0.4935527388737926,0.6956989454511902,1.6894490301671343,-0.7721784304501143,-0.7721784304501143,-0.7918175547897867,1.073594377334718,0.39828184099571223,-0.4975861803753371,-0.4915960401250875,-0.5015378066337676,-0.5015378066337676,-0.4278560996294672,-0.5852542849440484,-0.5889762451038282,-0.5927089101596051,0.29055380571760675,-1.4789305280604994,-0.08385209877996791,1.0119457160043916,-0.6247393183726135,0.4776946323965555,-0.03916401218663568,-0.4064216670264658,-0.4064216670264658,-0.4064216670264658,-0.4064216670264658,2.4224824153400117
0.7253852657614324,-0.07255917649088434,1.5598255539791783,-0.927301299253064,-0.12507452949341905,-0.09807150445468543,-1.057815726452176,1.4239987255558868,-0.06465374054158204,-1.0628913195454006,0.8193123939465989,-0.21005810222945814,2.0743237595158983,-0.9763983995546559,-0.9626869198089051,0.2185238102250632,-0.5014858873767987,-0.4955607730981318,-0.4935527388737926,-0.49108160855378125,1.6894490301671343,-0.7721784304501143,-0.7721784304501143,2.0009443614282447,2.007621485615923,0.39828184099571223,4.196509954972722,-0.4915960401250875,0.9692640757416632,2.440065958117094,1.592529264278615,0.3132831760582848,-0.5889762451038282,-0.5927089101596051,-0.5912432093090835,-0.7937650509879597,1.0104177902986136,-0.07945028348794805,-1.1719103321150703,-1.1628093025442474,-0.0391640121866364,-0.4064216670264658,-0.4064216670264658,-0.4064216670264658,-0.4064216670264658,-0.4127996940938137
0.7253852657614324,1.5742186551717934,-0.08176504920052141,-0.11240015748521992,0.6910367754511404,0.06582889208797565,0.4292035083989082,-1.0537590569113564,0.43165879714526756,-1.0628913195454006,0.7373682446070641,-0.9715187228112436,-0.21005810222945814,-0.21568203452849113,0.550935285432807,0.2185238102250632,0.6172133998483675,-0.4955607730981318,-0.4935527388737926,-0.49108160855378125,1.6264699731941035,2.9428182579826934,-0.7721784304501143,0.13910308394955717,0.13956726905351338,1.2476633690309464,5.761208666755409,3.9327683210007,-0.5015378066337676,-0.5015378066337676,3.191235649961335,-0.5852542849440484,0.30998749742306747,-0.5927089101596051,-0.5912432093090835,-0.7937650509879597,2.651822623916486,1.0119457160043916,1.016773722854757,-0.6159746575639797,0.2988992675388605,-0.4064216670264658,-0.4064216670264658,-0.4064216670264658,-0.4064216670264658,-0.4127996940938137
0.7253852657614324,-0.07255917649088434,1.5598255539791783,0.7025009842826242,2.323259385340259,0.06582889208797565,-1.057815726452176,0.43289561256898956,-0.06465374054158204,0.4259170940575488,1.1990364718795794,-0.9715187228112436,-0.9715187228112436,-0.21568203452849113,-0.205875817188049,0.423381692613951,-0.5014858873767987,0.6291467206289326,0.6669631606402603,-0.49108160855378125,1.6264699731941035,3.871567430090895,2.9428182579826934,-0.7918175547897867,0.13956726905351338,2.9054058572074304,-0.4975861803753371,5.407556441375963,-0.5015378066337676,-0.5015378066337676,3.191235649961335,-0.5852542849440484,-0.5889762451038282,-0.5927089101596051,-0.5912432093090835,-0.7937650509879597,-1.1781219878585494,2.649039715242901,-0.07756830463015665,-0.0691400125837121,1.092047390575657,2.4604987409169823,-0.4064216670264658,-0.4064216670264658,-0.4064216670264658,-0.4127996940938137
0.7253852657614324,-0.07255917649088434,-0.08176504920052141,-0.927301299253064,-0.9411858344379784,0.06582889208797622,0.4292035083989082,-1.0537590569113564,2.416908947892666,-1.0628913195454006,1.1509361753304104,0.5514025183523273,-0.9715187228112436,0.5450343304976737,-0.9626869198089051,0.4559897766479459,-0.5014858873767987,-0.4955607730981318,4.148510859182419,-0.49108160855378125,1.6894490301671343,-0.7721784304501143,3.871567430090895,0.13910308394955717,-0.7944598392276914,2.9054058572074304,1.0671125314073493,-0.4915960401250875,-0.5015378066337676,-0.5015378066337676,3.041864388175343,0.3132831760582848,-0.5889762451038282,-0.5927089101596051,-0.5912432093090835,-0.5943857006944326,3.7460925129950677,-1.170846282980288,0.46960270911230023,-0.6159746575639797,2.440104103808135,-0.4064216670264658,2.4604987409169823,-0.4064216670264658,-0.4064216670264658,-0.4127996940938137
0.7253852657614324,-0.07255917649088434,-0.08176504920052141,-0.11240015748521992,-0.12507452949341905,-0.3334893880439375,-0.06646956988478656,0.43289561256898956,0.9279713348321171,-0.07035237714343431,0.31917369483398317,0.5514025183523273,0.5514025183523273,-0.21568203452849113,-0.205875817188049,0.4559897766479459,-0.5014858873767987,-0.4955607730981318,-0.4935527388737926,-0.49108160855378125,-0.4989421095134741,1.0853199137662897,-0.7721784304501143,-0.7918175547897867,-0.7944598392276914,2.9054058572074304,-0.4975861803753371,0.9831920802501752,-0.5015378066337676,-0.5015378066337676,3.041864388175343,0.3132831760582848,0.30998749742306747,-0.5927089101596051,-0.5912432093090835,-0.5099602179146847,-0.08385209877996791,3.740435714735241,1.016773722854757,-1.1628093025442474,2.578715859016228,-0.4064216670264658,-0.4064216670264658,2.4604987409169823,-0.4064216670264658,-0.4127996940938137
0.7253852657614324,-0.8959480923222233,-0.08176504920052141,1.5174021260504682,-0.12507452949341905,0.06582889208797622,-0.06646956988478656,-0.06265594392445911,1.4242838725189668,-1.0628913195454006,0.15142604027463014,-0.21005810222945814,0.5514025183523273,2.0664670605500035,-0.9626869198089051,0.4559897766479459,-0.5014858873767987,-0.4955607730981318,-0.4935527388737926,-0.49108160855378125,-0.4989421095134741,0.15657074165808765,1.0853199137662897,-0.7918175547897867,-0.7944598392276914,2.686420030878743,-0.4975861803753371,-0.4915960401250875,-0.5015378066337676,-0.5015378066337676,3.041864388175343,-0.5852542849440484,0.30998749742306747,-0.5927089101596051,-0.5912432093090835,-0.5099602179146847,1.0104177902986136,-0.07945028348794805,-0.07756830463015665,-1.1628093025442474,2.578715859016228,-0.4064216670264658,-0.4064216670264658,-0.4064216670264658,2.4604987409169823,-0.4127996940938137
0.7253852657614324,-0.07255917649088434,-0.9025603507903713,-0.11240015748521992,-0.9411858344379784,-0.5259907979691243,-0.06646956988478656,-0.06265594392445911,-1.0572788159152813,-0.07035237714343431,-0.5208183436935535,0.5514025183523273,-0.21005810222945814,-0.21568203452849113,-0.9626869198089051,-0.49027550536192055,-0.5014858873767987,-0.4955607730981318,-0.4935527388737926,-0.49108160855378125,-0.4989421095134741,3.871567430090895,0.15657074165808765,-0.7918175547897867,-0.7944598392276914,3.089715423779076,1.0671125314073493,-0.4915960401250875,3.910867840492525,-0.5015378066337676,2.847835792704858,-0.5852542849440484,-0.5889762451038282,0.3066924011872375,-0.5912432093090835,-0.5099602179146847,-0.6309870433192587,1.0119457160043916,1.016773722854757,-0.6159746575639797,2.7857444307786636,-0.4064216670264658,-0.4064216670264658,-0.4064216670264658,-0.4064216670264658,2.4224824153400117
0.7253852657614324,-0.8959480923222233,-0.08176504920052141,1.5174021260504682,-0.9411858344379784,-0.27257833286142524,-0.06646956988478656,-0.06265594392445911,0.43165879714526756,-0.07035237714343431,-0.8491004032131889,-0.9715187228112436,0.5514025183523273,-0.9763983995546559,-0.9626869198089051,-0.29958382745879847,-0.5014858873767987,-0.4955607730981318,0.6669631606402603,-0.49108160855378125,-0.4989421095134741,-0.7721784304501143,3.871567430090895,2.9318650001675888,2.007621485615923,3.089715423779076,-0.4975861803753371,0.9831920802501752,5.381669722867956,0.9692640757416632,2.4744106520850986,-0.5852542849440484,-0.5889762451038282,-0.5927089101596051,-0.5912432093090835,-0.5943857006944326,1.0104177902986136,-0.625148283234118,2.6582867640821277,-1.1628093025442474,2.7857444307786636,-0.4064216670264658,-0.4064216670264658,-0.4064216670264658,-0.4064216670264658,-0.4127996940938137
0.7253852657614324,-0.8959480923222233,-0.9025603507903713,-0.11240015748521992,-0.12507452949341905,-1.4490435816322165,-1.057815726452176,-0.06265594392445911,-1.0572788159152813,0.4259170940575488,-0.6757540230450796,0.5514025183523273,-0.9715187228112436,-0.9763983995546559,-0.205875817188049,-0.39241532592118017,-0.5014858873767987,-0.4955607730981318,-0.4935527388737926,-0.49108160855378125,-1.238734801146477,-0.7721784304501143,-0.7721784304501143,3.8627856389069324,0.13956726905351338,3.192255440692347,-0.4975861803753371,-0.4915960401250875,-0.5015378066337676,-0.5015378066337676,-0.1338956370273052,-0.5852542849440484,-0.5889762451038282,-0.5927089101596051,-0.5912432093090835,-0.5943857006944326,-1.1781219878585494,1.0119457160043916,-1.1719103321150703,1.024529277376823,2.7015017663989127,-0.4064216670264658,-0.4064216670264658,-0.4064216670264658,-0.4064216670264658,-0.4127996940938137
0.7253852657614324,-0.07255917649088434,-0.9025603507903713,-0.11240015748521992,0.6910367754511404,-1.4490435816322165,-0.5621426481684813,-1.0537590569113564,0.43165879714526756,-0.07035237714343431,-0.9122930789323523,-0.21005810222945814,0.5514025183523273,0.5450343304976737,-0.205875817188049,-0.7050736261166005,-0.5014858873767987,-0.4955607730981318,-0.4935527388737926,0.6956989454511902,-1.238734801146477,1.0853199137662897,-0.7721784304501143,-0.7918175547897867,-0.7944598392276914,2.091363038869612,1.0671125314073493,-0.4915960401250875,0.9692640757416632,-0.5015378066337676,-0.009420590154052187,-0.5852542849440484,-0.5889762451038282,0.3066924011872375,-0.5912432093090835,-0.5943857006944326,-1.1781219878585494,-1.170846282980288,3.7526287915670418,-0.0691400125837121,2.7015017663989127,2.4604987409169823,-0.4064216670264658,-0.4064216670264658,-0.4064216670264658,-0.4127996940938137
0.7253852657614324,-0.8959480923222233,-0.08176504920052141,-0.11240015748521992,-0.9411858344379784,-1.4490435816322151,1.4205496649662976,-0.5582075004179078,-0.06465374054158204,2.4109949788614813,-0.16613487721297,-0.9715187228112436,-0.21005810222945814,0.5450343304976737,0.550935285432807,-0.4902755053619203,-0.5014858873767987,-0.4955607730981318,-0.4935527388737926,4.256040607466104,-1.238734801146477,-0.7721784304501143,1.0853199137662897,1.070023722688901,0.13956726905351338,2.091363038869612,-0.4975861803753371,0.9831920802501752,-0.5015378066337676,-0.5015378066337676,-0.1338956370273052,-0.5852542849440484,-0.5889762451038282,0.3066924011872375,-0.5912432093090835,-0.7937650509879596,2.104687679377195,-1.170846282980288,-0.07756830463015665,0.4776946323965555,1.264082374461585,-0.4064216670264658,2.4604987409169823,-0.4064216670264658,-0.4064216670264658,-0.4127996940938137
0.7253852657614324,-0.8959480923222233,-0.9025603507903713,-0.927301299253064,-0.12507452949341905,-1.5667525234268376,3.898915056384771,1.4239987255558868,-0.06465374054158204,0.9221865652585319,2.2420966620337777,0.5514025183523273,-0.9715187228112436,-0.21568203452849113,-0.205875817188049,-0.4902755053619203,-0.5014858873767987,-0.4955607730981318,-0.4935527388737926,-0.49108160855378125,-1.238734801146477,2.0140690858744916,-0.7721784304501143,0.13910308394955717,-0.7944598392276914,2.3083944846311253,1.0671125314073493,-0.4915960401250875,-0.5015378066337676,-0.5015378066337676,-0.009420590154052187,2.110358098062951,-0.5889762451038282,-0.5927089101596051,-0.5912432093090835,0.5765659031571114,1.0104177902986136,2.1033417154967315,1.016773722854757,1.024529277376823,1.363596617622186,-0.4064216670264658,-0.4064216670264658,2.4604987409169823,-0.4064216670264658,-0.4127996940938137
0.7253852657614324,-0.8959480923222233,-0.9025603507903713,-0.11240015748521992,1.5071480803956998,-1.5667525234268376,-0.06646956988478656,3.9017565080231305,-0.06465374054158204,1.418456036459515,2.2420966620337777,-0.9715187228112436,0.5514025183523273,0.5450343304976737,2.064557490674519,-0.29958382745879847,-0.5014858873767987,-0.4955607730981318,-0.4935527388737926,-0.49108160855378125,-1.238734801146477,-0.7721784304501143,2.0140690858744916,3.8627856389069324,-0.7944598392276914,2.5156407767075852,-0.4975861803753371,0.9831920802501752,0.9692640757416632,-0.5015378066337676,-0.009420590154052187,-0.5852542849440484,2.107914982476859,-0.5927089101596051,-0.5912432093090835,0.5765659031571114,-0.08385209877996791,1.0119457160043916,-0.6247393183726135,-0.0691400125837121,1.264082374461585,-0.4064216670264658,-0.4064216670264658,-0.4064216670264658,2.4604987409169823,-0.4127996940938137
0.7253852657614324,-0.07255917649088434,-0.9025603507903713,-0.927301299253064,-0.12507452949341905,-1.5667525234268376,-0.06646956988478656,-0.06265594392445911,-0.06465374054158204,-1.0628913195454006,2.2420966620337777,-0.9715187228112436,-0.9715187228112436,-0.9763983995546559,-0.205875817188049,-0.3924153259211793,-0.5014858873767987,-0.4955607730981318,-0.4935527388737926,-0.49108160855378125,-1.238734801146477,1.0853199137662897,-0.7721784304501143,-0.7918175547897867,-0.7944598392276914,0.8295536654408856,-0.4975861803753371,-0.4915960401250875,-0.5015378066337676,3.910867840492525,-0.1338956370273052,-0.5852542849440484,-0.5889762451038282,-0.5927089101596051,0.29055380571760675,0.5765659031571114,-0.6309870433192587,-0.07945028348794805,1.016773722854757,1.024529277376823,1.264082374461585,-0.4064216670264658,-0.4064216670264658,-0.4064216670264658,-0.4064216670264658,2.4224824153400117
0.7253852657614324,-0.07255917649088434,-0.08176504920052141,-0.927301299253064,1.5071480803956998,-1.4490435816322151,1.4205496649662976,-0.06265594392445911,-1.0572788159152813,0.4259170940575488,2.2693100969733826,-0.9715187228112436,-0.9715187228112436,0.5450343304976737,-0.9626869198089051,-0.3924153259211793,-0.5014858873767987,-0.4955607730981318,-0.4935527388737926,0.6956989454511902,-1.238734801146477,-0.7721784304501143,1.0853199137662897,-0.7918175547897867,2.9416485938971277,0.8295536654408856,-0.4975861803753371,-0.4915960401250875,-0.5015378066337676,5.381669722867956,-0.1338956370273052,-0.5852542849440484,-0.5889762451038282,-0.5927089101596051,-0.5912432093090835,0.5765659031571114,-0.6309870433192587,-0.625148283234118,-1.1719103321150703,2.6650332123176264,1.161840197521852,-0.4064216670264658,-0.4064216670264658,-0.4064216670264658,-0.4064216670264658,-0.4127996940938137
0.7253852657614324,2.397607571003132,-0.08176504920052141,-0.11240015748521992,-0.12507452949341905,0.7743204855943635,-0.5621426481684813,1.4239987255558868,-0.5609662782284316,-1.0628913195454006,2.0656613608330177,-0.21005810222945814,-0.9715187228112436,-0.21568203452849113,-0.9626869198089051,-0.705073626116599,0.6172133998483675,-0.4955607730981318,-0.4935527388737926,-0.49108160855378125,-0.4989421095134741,1.0853199137662897,-0.7721784304501143,1.070023722688901,3.875675702178332,0.7390211659801347,-0.4975861803753371,-0.4915960401250875,0.9692640757416632,-0.5015378066337676,-0.1338956370273052,-0.5852542849440484,-0.5889762451038282,-0.5927089101596051,-0.5912432093090835,0.5765659031571114,2.104687679377195,-0.625148283234118,-1.1719103321150703,-1.1628093025442474,1.5552457239002178,-0.4064216670264658,-0.4064216670264658,-0.4064216670264658,-0.4064216670264658,-0.4127996940938137
0.7253852657614324,1.5742186551717934,2.380620855569028,-0.927301299253064,-0.12507452949341905,1.2529005727228524,4.890261212952161,-0.5582075004179078,1.4242838725189668,0.4259170940575488,3.334464581121648,-0.21005810222945814,-0.21005810222945814,-0.9763983995546559,0.550935285432807,-0.705073626116599,0.6172133998483675,0.6291467206289326,-0.4935527388737926,-0.49108160855378125,-0.28366654303295047,1.0853199137662897,1.0853199137662897,-0.7918175547897867,-0.7944598392276914,0.7390211659801347,-0.4975861803753371,-0.4915960401250875,-0.5015378066337676,0.9692640757416632,-0.4278560996294663,1.211820637060618,-0.5889762451038282,-0.5927089101596051,0.29055380571760675,0.7935062786939603,0.4632828457593228,2.1033417154967315,2.111115750339671,3.7587025022781617,1.0028328418128156,2.4604987409169823,-0.4064216670264658,-0.4064216670264658,-0.4064216670264658,-0.4127996940938137
0.7253852657614324,0.7508297393404546,1.5598255539791783,-0.927301299253064,-0.12507452949341905,1.0211104090538892,0.924876586682603,4.892859621010028,3.9058465609532145,-0.07035237714343431,3.370768652571297,0.5514025183523273,-0.21005810222945814,0.5450343304976737,0.550935285432807,-0.4902755053619197,-0.5014858873767987,0.6291467206289326,-0.4935527388737926,-0.49108160855378125,-0.28366654303295047,0.15657074165808765,1.0853199137662897,2.0009443614282447,1.073594377334718,0.4495518494523445,-0.4975861803753371,-0.4915960401250875,0.9692640757416632,-0.5015378066337676,-0.4278560996294663,-0.5852542849440484,1.2089512399499631,2.1054950238809225,0.29055380571760675,0.7935062786939603,-0.6309870433192587,0.46624771625822187,1.016773722854757,-0.0691400125837121,0.6203012238774916,-0.4064216670264658,2.4604987409169823,-0.4064216670264658,-0.4064216670264658,-0.4127996940938137
0.7253852657614324,0.7508297393404546,0.7390302523893285,-0.927301299253064,-0.9411858344379784,0.5998561776449792,0.4292035083989082,0.9284471690624382,-0.06465374054158204,-0.07035237714343431,2.6673458322230346,-0.21005810222945814,0.5514025183523273,-0.9763983995546559,-0.205875817188049,-0.7637788059889001,-0.5014858873767987,-0.4955607730981318,-0.4935527388737926,-0.49108160855378125,-0.28366654303295047,0.15657074165808765,0.15657074165808765,-0.7918175547897867,0.13956726905351338,-0.11683825317122214,-0.4975861803753371,-0.4915960401250875,-0.5015378066337676,-0.5015378066337676,-1.4380487815835084,0.3132831760582848,-0.5889762451038282,-0.5927089101596051,-0.5912432093090835,-0.05264485043060703,2.651822623916486,-0.625148283234118,-0.07756830463015665,1.024529277376823,1.6171307834677335,-0.4064216670264658,-0.4064216670264658,2.4604987409169823,-0.4064216670264658,-0.4127996940938137
0.7253852657614324,-0.07255917649088434,0.7390302523893285,-0.11240015748521992,-0.12507452949341905,0.11841758218259385,1.9162227432499923,0.43289561256898956,-0.06465374054158204,-0.07035237714343431,2.566754117132666,-0.21005810222945814,-0.21005810222945814,-0.9763983995546559,0.550935285432807,-0.8890433667194154,-0.5014858873767987,-0.4955607730981318,-0.4935527388737926,-0.49108160855378125,-0.28366654303295047,0.15657074165808765,0.15657074165808765,1.070023722688901,3.875675702178332,-0.46468268096099025,-0.4975861803753371,-0.4915960401250875,-0.5015378066337676,0.9692640757416632,-1.4380487815835084,-0.5852542849440484,0.30998749742306747,-0.5927089101596051,-0.5912432093090835,-0.05264485043060703,-0.6309870433192587,2.649039715242901,-0.6247393183726135,-0.6159746575639797,1.7678888545328884,-0.4064216670264658,-0.4064216670264658,-0.4064216670264658,2.4604987409169823,-0.4127996940938137
0.7253852657614324,-0.8959480923222233,-0.08176504920052141,-0.11240015748521992,-0.9411858344379784,0.5998561776449792,-0.06646956988478656,1.9195502820493355,1.4242838725189668,-0.07035237714343431,2.566754117132666,-0.21005810222945814,-0.21005810222945814,-0.9763983995546559,-0.9626869198089051,-1.1034148410869422,-0.5014858873767987,-0.4955607730981318,-0.4935527388737926,-0.49108160855378125,-0.28366654303295047,0.15657074165808765,0.15657074165808765,-0.7918175547897867,-0.7944598392276914,-0.6239954912625724,1.0671125314073493,-0.4915960401250875,-0.5015378066337676,-0.5015378066337676,-0.4278560996294663,-0.5852542849440484,-0.5889762451038282,-0.5927089101596051,-0.5912432093090835,-0.05264485043060703,1.0104177902986136,-0.625148283234118,-0.6247393183726135,1.024529277376823,1.5863063601047116,-0.4064216670264658,-0.4064216670264658,-0.4064216670264658,-0.4064216670264658,2.4224824153400117
0.7253852657614324,-0.07255917649088434,-0.9025603507903713,2.332303267818312,-0.9411858344379784,0.5998561776449792,1.4205496649662976,-0.06265594392445911,-0.5609662782284316,-1.0628913195454006,2.566754117132666,4.3587056212612545,-0.21005810222945814,-0.21568203452849113,0.550935285432807,2.0512748217632697,-0.5014858873767987,-0.4955607730981318,0.6669631606402603,-0.49108160855378125,-0.28366654303295047,0.15657074165808765,0.15657074165808765,1.070023722688901,-0.7944598392276914,-1.1128800381814599,-0.4975861803753371,0.9831920802501752,-0.5015378066337676,-0.5015378066337676,-0.4278560996294663,-0.5852542849440484,-0.5889762451038282,-0.5927089101596051,-0.5912432093090835,-0.05264485043060703,-0.08385209877996791,1.0119457160043916,2.111115750339671,-1.1628093025442474,1.3799320586777726,-0.4064216670264658,-0.4064216670264658,-0.4064216670264658,-0.4064216670264658,-0.4127996940938137
0.7253852657614324,-0.8959480923222233,-0.08176504920052141,1.5174021260504682,-0.12507452949341905,0.01225698047885575,0.4292035083989082,1.4239987255558868,4.898471636326914,-0.5666218483444174,2.2147133151599574,-0.21005810222945814,4.3587056212612545,-0.21568203452849113,-0.205875817188049,2.0512748217632697,0.6172133998483675,-0.4955607730981318,0.6669631606402603,-0.49108160855378125,-0.28366654303295047,0.15657074165808765,0.15657074165808765,1.070023722688901,1.073594377334718,-1.3789172113743273,-0.4975861803753371,-0.4915960401250875,-0.5015378066337676,0.9692640757416632,-0.4278560996294663,0.3132831760582848,-0.5889762451038282,1.20609371253408,-0.5912432093090835,-0.05264485043060723,1.0104177902986136,-0.07945028348794805,0.46960270911230023,-1.1628093025442474,0.9664980209320122,-0.4064216670264658,-0.4064216670264658,-0.4064216670264658,-0.4064216670264658,-0.4127996940938137
0.7253852657614324,-0.07255917649088434,-0.9025603507903713,0.7025009842826242,-0.9411858344379784,-0.7363717236638285,-0.5621426481684813,0.43289561256898956,0.9279713348321171,1.418456036459515,0.08078795141802106,2.0743237595158983,-0.21005810222945814,0.5450343304976737,-0.9626869198089051,2.1710938495088516,-0.5014858873767987,0.6291467206289326,-0.4935527388737926,-0.49108160855378125,-0.4989421095134741,0.15657074165808765,0.15657074165808765,0.13910308394955717,-0.7944598392276914,-2.293151741787655,-0.4975861803753371,-0.4915960401250875,-0.5015378066337676,-0.5015378066337676,-0.4278560996294663,-0.5852542849440484,0.30998749742306747,-0.5927089101596051,-0.5912432093090835,-0.5943857006944331,1.0104177902986136,1.0119457160043916,-0.6247393183726135,2.1181985673373585,1.0028328418128156,2.4604987409169823,-0.4064216670264658,-0.4064216670264658,-0.4064216670264658,-0.4127996940938137
1.1299270485899235,-0.8959480923222233,-0.08176504920052141,0.7025009842826242,-0.9411858344379784,-0.8894526248779303,2.411895821533687,-0.5582075004179078,0.43165879714526756,3.8998033924644306,0.6955094371375592,-0.9715187228112436,2.0743237595158983,-0.21568203452849113,0.550935285432807,2.5123122242452234,-0.5014858873767987,-0.4955607730981318,-0.4935527388737926,-0.49108160855378125,-0.4989421095134741,2.9428182579826934,0.15657074165808765,0.13910308394955717,2.007621485615923,0.449551849452345,-0.4975861803753371,-0.4915960401250875,-0.5015378066337676,0.9692640757416632,-0.4278560996294663,0.3132831760582848,-0.5889762451038282,0.3066924011872375,2.054147835770987,-0.509960217914685,-0.08385209877996791,1.0119457160043916,2.6582867640821277,1.024529277376823,0.7593504534430091,-0.4064216670264658,2.4604987409169823,-0.4064216670264658,-0.4064216670264658,-0.4127996940938137
1.1299270485899235,0.7508297393404546,-0.9025603507903713,-0.11240015748521992,-0.9411858344379784,-0.8894526248779303,2.411895821533687,2.4151018385427845,1.9205964102058164,-0.07035237714343431,1.0148857752923295,-0.9715187228112436,-0.9715187228112436,-0.21568203452849113,-0.9626869198089051,2.7091764917891408,-0.5014858873767987,-0.4955607730981318,-0.4935527388737926,-0.49108160855378125,-0.4989421095134741,-0.7721784304501143,2.9428182579826934,0.13910308394955717,-0.7944598392276914,0.7390211659801347,-0.4975861803753371,-0.4915960401250875,-0.5015378066337676,-0.5015378066337676,-0.4278560996294663,2.110358098062951,0.30998749742306747,-0.5927089101596051,-0.5912432093090835,0.5381420210621937,0.4632828457593228,-0.07945028348794805,-0.6247393183726135,-0.0691400125837121,-0.4952614809579929,-0.4064216670264658,-0.4064216670264658,2.4604987409169823,-0.4064216670264658,-0.4127996940938137
1.1299270485899235,-0.8959480923222233,0.7390302523893285,-0.927301299253064,-0.12507452949341905,-0.8114386050233847,-0.06646956988478656,2.4151018385427845,-0.06465374054158204,-0.07035237714343431,1.0650261410581443,0.5514025183523273,-0.9715187228112436,-0.21568203452849113,-0.9626869198089051,2.638516046502913,-0.5014858873767987,-0.4955607730981318,-0.4935527388737926,-0.49108160855378125,-0.4989421095134741,0.15657074165808765,-0.7721784304501143,0.13910308394955717,1.073594377334718,0.7390211659801347,-0.4975861803753371,-0.4915960401250875,0.9692640757416632,-0.5015378066337676,-0.4278560996294663,3.008895559065284,2.107914982476859,-0.5927089101596051,-0.5912432093090835,1.42798040237694,-0.08385209877996791,0.46624771625822187,1.016773722854757,-0.6159746575639797,-0.8441592709801489,-0.4064216670264658,-0.4064216670264658,-0.4064216670264658,2.4604987409169823,-0.4127996940938137
1.1299270485899235,-0.8959480923222233,-0.9025603507903713,-0.11240015748521992,-0.12507452949341905,-0.8114386050233847,-0.5621426481684813,-0.06265594392445911,1.4242838725189668,1.418456036459515,1.25820560211461,-0.21005810222945814,0.5514025183523273,4.3486161556284975,-0.9626869198089051,2.638516046502913,0.6172133998483675,-0.4955607730981318,-0.4935527388737926,-0.49108160855378125,-0.28366654303295047,0.15657074165808765,0.15657074165808765,0.13910308394955717,-0.7944598392276914,0.7390211659801347,-0.4975861803753371,-0.4915960401250875,-0.5015378066337676,-0.5015378066337676,-1.4380487815835084,3.008895559065284,3.0068787250037547,-0.5927089101596051,-0.5912432093090835,1.7347804236874644,-1.1781219878585494,-0.07945028348794805,-0.07756830463015665,-0.6159746575639797,-0.19942452746257022,-0.4064216670264658,-0.4064216670264658,-0.4064216670264658,-0.4064216670264658,2.4224824153400117
1.1299270485899235,1.5742186551717934,-0.9025603507903713,-0.927301299253064,2.323259385340259,0.2707847838738508,-0.5621426481684813,-0.5582075004179078,0.43165879714526756,-0.5666218483444174,1.396178707114578,-0.9715187228112436,-0.21005810222945814,-0.21568203452849113,-0.205875817188049,0.5826055517085608,0.6172133998483675,0.6291467206289326,0.6669631606402603,0.6956989454511902,-0.19250994329458734,1.0853199137662897,0.15657074165808765,0.13910308394955717,1.073594377334718,0.7846203097892105,-0.4975861803753371,-0.4915960401250875,-0.5015378066337676,-0.5015378066337676,-1.4380487815835084,0.3132831760582848,3.0068787250037547,0.3066924011872375,-0.5912432093090835,1.4813226668781834,-0.6309870433192587,-1.170846282980288,1.016773722854757,2.1181985673373585,-0.03916401218663604,-0.4064216670264658,-0.4064216670264658,-0.4064216670264658,-0.4064216670264658,-0.4127996940938137
1.1299270485899235,0.7508297393404546,1.5598255539791783,-0.11240015748521992,1.5071480803956998,0.2707847838738491,-1.057815726452176,-0.5582075004179078,-0.5609662782284316,4.892342334866397,1.7196136907251474,-0.21005810222945814,-0.9715187228112436,2.0664670605500035,-0.205875817188049,0.5826055517085608,0.6172133998483675,0.6291467206289326,-0.4935527388737926,0.6956989454511902,-0.19250994329458734,1.0853199137662897,1.0853199137662897,0.13910308394955717,1.073594377334718,0.7846203097892105,-0.4975861803753371,-0.4915960401250875,-0.5015378066337676,-0.5015378066337676,-1.4380487815835084,-0.5852542849440484,0.30998749742306747,-0.5927089101596051,1.172350820744297,1.7347804236874644,-1.1781219878585494,-0.625148283234118,1.016773722854757,0.4776946323965555,-0.039164012186635316,-0.4064216670264658,-0.4064216670264658,-0.4064216670264658,-0.4064216670264658,-0.4127996940938137
1.1299270485899235,-0.07255917649088434,0.7390302523893285,-0.927301299253064,0.6910367754511404,0.2707847838738491,0.4292035083989082,-1.0537590569113564,2.416908947892666,0.9221865652585319,1.593600055648041,2.835784380097684,-0.21005810222945814,-0.9763983995546559,0.550935285432807,1.2209174153289446,-0.5014858873767987,0.6291467206289326,-0.4935527388737926,-0.49108160855378125,-0.19250994329458734,1.0853199137662897,1.0853199137662897,2.9318650001675888,0.13956726905351338,0.7390211659801347,1.0671125314073493,-0.4915960401250875,-0.5015378066337676,-0.5015378066337676,-0.4278560996294663,3.008895559065284,-0.5889762451038282,0.3066924011872375,-0.5912432093090835,1.6358732282119166,1.0104177902986136,-1.170846282980288,-0.07756830463015665,-0.6159746575639797,-0.039164012186635316,2.4604987409169823,-0.4064216670264658,-0.4064216670264658,-0.4064216670264658,-0.4127996940938137
1.1299270485899235,0.7508297393404546,-0.08176504920052141,0.7025009842826242,0.6910367754511404,0.06582889208797622,-0.06646956988478656,0.43289561256898956,2.416908947892666,0.4259170940575488,0.8193123939465989,-0.9715187228112436,2.835784380097684,-0.9763983995546559,-0.205875817188049,1.2209174153289446,0.6172133998483675,-0.4955607730981318,-0.4935527388737926,-0.49108160855378125,-0.19250994329458734,-0.7721784304501143,1.0853199137662897,-0.7918175547897867,0.13956726905351338,-0.1168382531712224,-0.4975861803753371,0.9831920802501752,-0.5015378066337676,-0.5015378066337676,-0.4278560996294663,1.211820637060618,3.0068787250037547,2.1054950238809225,0.29055380571760675,1.454772774562427,1.5575527348379044,1.0119457160043916,0.46960270911230023,2.6650332123176264,0.7005054412726753,-0.4064216670264658,2.4604987409169823,-0.4064216670264658,-0.4064216670264658,-0.4127996940938137
1.1299270485899235,2.397607571003132,0.7390302523893285,-0.927301299253064,-0.12507452949341905,0.9810975151494916,0.924876586682603,-0.06265594392445911,-0.06465374054158204,1.914725507660498,-0.40220283962649733,-0.21005810222945814,-0.9715187228112436,0.5450343304976737,-0.205875817188049,1.066443617664183,-0.5014858873767987,0.6291467206289326,-0.4935527388737926,-0.49108160855378125,-0.19250994329458734,-0.7721784304501143,-0.7721784304501143,0.13910308394955717,0.13956726905351338,-0.1168382531712224,-0.4975861803753371,-0.4915960401250875,-0.5015378066337676,-0.5015378066337676,-0.4278560996294663,0.3132831760582848,1.2089512399499631,3.004896335227765,-0.5912432093090835,1.6106517300716159,3.1989575684557767,1.5576437157505616,-0.07756830463015665,-0.6159746575639797,2.3498202900716505,-0.4064216670264658,-0.4064216670264658,2.4604987409169823,-0.4064216670264658,-0.4127996940938137
1.1299270485899235,0.7508297393404546,2.380620855569028,-0.927301299253064,-0.9411858344379784,0.4628918985172039,0.4292035083989082,0.9284471690624382,-0.5609662782284316,-0.07035237714343431,-0.3128349005818115,0.5514025183523273,-0.21005810222945814,-0.21568203452849113,-0.205875817188049,1.066443617664183,-0.5014858873767987,-0.4955607730981318,0.6669631606402603,-0.49108160855378125,-0.19250994329458734,-0.7721784304501143,-0.7721784304501143,0.13910308394955717,0.13956726905351338,0.12568546567394118,2.631811243190036,-0.4915960401250875,-0.5015378066337676,0.9692640757416632,0.6648349773497241,-0.5852542849440484,0.30998749742306747,3.004896335227765,-0.5912432093090835,1.6106517300716159,0.4632828457593228,3.194737714989071,-1.1719103321150703,1.024529277376823,2.310604979107766,-0.4064216670264658,-0.4064216670264658,-0.4064216670264658,2.4604987409169823,-0.4127996940938137
1.1299270485899235,0.7508297393404546,0.7390302523893285,1.5174021260504682,-0.12507452949341905,-0.39594322808745863,-0.06646956988478656,0.43289561256898956,-0.5609662782284316,1.418456036459515,-0.402202839626497,-0.21005810222945814,0.5514025183523273,-0.9763983995546559,4.3349907985370875,1.066443617664183,-0.5014858873767987,-0.4955607730981318,0.6669631606402603,-0.49108160855378125,-0.19250994329458734,1.0853199137662897,-0.7721784304501143,1.070023722688901,0.13956726905351338,0.29269400241301213,-0.4975861803753371,2.4579802006254377,-0.5015378066337676,-0.5015378066337676,0.6648349773497241,2.110358098062951,-0.5889762451038282,0.3066924011872375,-0.5912432093090835,1.2617313802296457,1.5575527348379044,0.46624771625822187,-0.6247393183726135,-0.0691400125837121,1.899122701687477,-0.4064216670264658,-0.4064216670264658,-0.4064216670264658,-0.4064216670264658,2.4224824153400117
1.1299270485899235,3.220996486834471,0.7390302523893285,0.7025009842826242,-0.9411858344379784,0.7315125204597736,1.4205496649662976,-0.06265594392445911,-1.0572788159152813,0.4259170940575488,-0.06768609875978739,-0.21005810222945814,-0.21005810222945814,-0.21568203452849113,-0.205875817188049,0.8764411648894299,2.8546119742987,-0.4955607730981318,0.6669631606402603,0.6956989454511902,0.9391559132400905,1.0853199137662897,1.0853199137662897,1.070023722688901,0.13956726905351338,0.29269400241301213,-0.4975861803753371,-0.4915960401250875,-0.5015378066337676,-0.5015378066337676,0.6648349773497241,3.9074330200676175,2.107914982476859,-0.5927089101596051,0.29055380571760675,2.0592487814037588,1.5575527348379044,1.5576437157505616,-1.1719103321150703,1.024529277376823,1.476523969789393,-0.4064216670264658,-0.4064216670264658,-0.4064216670264658,-0.4064216670264658,-0.4127996940938137
1.1299270485899235,-0.8959480923222233,3.201416157158878,-0.11240015748521992,-0.12507452949341905,1.5075872854450563,-0.5621426481684813,1.4239987255558868,0.43165879714526756,-0.5666218483444174,-0.40220283962649617,-0.21005810222945814,-0.21005810222945814,2.8271834255761683,2.064557490674519,0.8764411648894299,-0.5014858873767987,2.878561708083061,-0.4935527388737926,-0.49108160855378125,0.980643273752533,2.0140690858744916,1.0853199137662897,1.070023722688901,0.13956726905351338,0.7390211659801341,-0.4975861803753371,-0.4915960401250875,0.9692640757416632,-0.5015378066337676,0.6648349773497241,-0.5852542849440484,3.90584246753065,3.004896335227765,-0.5912432093090835,2.0592487814037588,-0.08385209877996791,1.5576437157505616,1.016773722854757,1.024529277376823,0.6203012238774909,-0.4064216670264658,-0.4064216670264658,-0.4064216670264658,-0.4064216670264658,-0.4127996940938137
1.1299270485899235,-0.8959480923222233,-0.9025603507903713,0.7025009842826242,-0.9411858344379784,1.9122761649188538,-0.5621426481684813,-0.5582075004179078,-0.06465374054158204,2.4109949788614813,-0.18641874649387685,0.5514025183523273,-0.21005810222945814,-0.9763983995546559,-0.9626869198089051,-0.889043366719415,-0.5014858873767987,-0.4955607730981318,0.6669631606402603,-0.49108160855378125,0.980643273752533,2.0140690858744916,2.0140690858744916,-0.7918175547897867,2.9416485938971277,1.0866320698687266,1.0671125314073493,-0.4915960401250875,-0.5015378066337676,-0.5015378066337676,0.6648349773497241,-0.5852542849440484,-0.5889762451038282,1.20609371253408,0.29055380571760675,1.9696600803801319,-0.08385209877996791,-0.07945028348794805,1.5639447365972141,-0.0691400125837121,1.002832841812815,2.4604987409169823,-0.4064216670264658,-0.4064216670264658,-0.4064216670264658,-0.4127996940938137
1.1299270485899235,1.5742186551717934,-0.9025603507903713,2.332303267818312,0.6910367754511404,1.9763919260197986,-0.5621426481684813,-0.5582075004179078,0.9279713348321171,2.4109949788614813,-0.048551373950148,0.5514025183523273,0.5514025183523273,-0.21568203452849113,-0.9626869198089051,-1.1848683464640992,0.6172133998483675,-0.4955607730981318,-0.4935527388737926,-0.49108160855378125,0.980643273752533,0.15657074165808765,2.0140690858744916,-0.7918175547897867,-0.7944598392276914,0.7846203097892105,-0.4975861803753371,0.9831920802501752,-0.5015378066337676,-0.5015378066337676,0.6648349773497241,-0.5852542849440484,-0.5889762451038282,0.3066924011872375,2.054147835770987,2.1032030047058314,3.1989575684557767,-0.07945028348794805,3.2054577778245847,0.4776946323965555,1.6931927682805608,-0.4064216670264658,2.4604987409169823,-0.4064216670264658,-0.4064216670264658,-0.4127996940938137
1.1299270485899235,0.7508297393404546,1.5598255539791783,0.7025009842826242,-0.9411858344379784,1.5776342026787715,-0.5621426481684813,-0.5582075004179078,0.43165879714526756,-0.07035237714343431,-0.16613487721297054,-0.9715187228112436,0.5514025183523273,0.5450343304976737,0.550935285432807,-0.7637788059888999,0.6172133998483675,0.6291467206289326,-0.4935527388737926,-0.49108160855378125,0.9391559132400905,0.15657074165808765,0.15657074165808765,-0.7918175547897867,0.13956726905351338,0.3982818409957095,2.631811243190036,-0.4915960401250875,2.440065958117094,-0.5015378066337676,1.104213717241536,3.9074330200676175,-0.5889762451038282,-0.5927089101596051,2.9359448507976773,2.8903986034572315,2.104687679377195,3.194737714989071,0.46960270911230023,-0.0691400125837121,1.144518441678656,-0.4064216670264658,-0.4064216670264658,2.4604987409169823,-0.4064216670264658,-0.4127996940938137
1.1299270485899235,0.7508297393404546,0.7390302523893285,0.7025009842826242,-0.9411858344379784,1.5776342026787715,2.907568899817382,-0.5582075004179078,-0.06465374054158204,-0.5666218483444174,1.4186547332955428,-0.9715187228112436,-0.9715187228112436,-0.21568203452849113,-0.205875817188049,-0.6485861539816928,-0.5014858873767987,0.6291467206289326,-0.4935527388737926,0.6956989454511902,0.9391559132400905,-0.7721784304501143,0.15657074165808765,1.070023722688901,0.13956726905351338,0.3982818409957095,-0.4975861803753371,2.4579802006254377,-0.5015378066337676,-0.5015378066337676,0.6648349773497241,1.211820637060618,3.90584246753065,2.1054950238809225,2.9359448507976773,2.63206233437472,-0.08385209877996791,2.1033417154967315,1.5639447365972141,-1.1628093025442474,1.363596617622186,-0.4064216670264658,-0.4064216670264658,-0.4064216670264658,2.4604987409169823,-0.4127996940938137
1.1299270485899235,-0.07255917649088434,0.7390302523893285,3.147204409586156,1.5071480803956998,1.6806518234351857,0.4292035083989082,2.910653395036233,1.4242838725189668,-0.5666218483444174,1.396178707114578,-0.21005810222945814,-0.9715187228112436,-0.21568203452849113,-0.9626869198089051,-0.6485861539816928,-0.5014858873767987,-0.4955607730981318,2.987994959668366,0.6956989454511902,0.9391559132400905,-0.7721784304501143,-0.7721784304501143,1.070023722688901,1.073594377334718,0.7846203097892105,-0.4975861803753371,-0.4915960401250875,-0.5015378066337676,-0.5015378066337676,0.6648349773497241,5.704507942072284,1.2089512399499631,3.9042976465746078,0.29055380571760675,3.8283384361358888,3.7460925129950677,-0.07945028348794805,1.5639447365972141,-0.6159746575639797,2.3498202900716505,-0.4064216670264658,-0.4064216670264658,-0.4064216670264658,-0.4064216670264658,2.4224824153400117
1.1299270485899235,-0.07255917649088434,-0.08176504920052141,-0.927301299253064,0.6910367754511404,0.012256980478852944,-0.5621426481684813,0.43289561256898956,-0.5609662782284316,-1.0628913195454006,1.2582056021146093,1.3128631389341128,-0.21005810222945814,-0.21568203452849113,-0.205875817188049,-0.08524660531845801,6.210709835974199,-0.4955607730981318,-0.4935527388737926,0.6956989454511902,3.05376314627893,-0.7721784304501143,-0.7721784304501143,2.0009443614282447,1.073594377334718,0.9606327988564325,-0.4975861803753371,-0.4915960401250875,-0.5015378066337676,-0.5015378066337676,0.6648349773497241,0.3132831760582848,5.703769952584441,-0.5927089101596051,-0.5912432093090835,3.586971296209095,0.4632828457593228,3.740435714735241,-0.07756830463015665,-1.1628093025442474,2.478292625562131,-0.4064216670264658,-0.4064216670264658,-0.4064216670264658,-0.4064216670264658,-0.4127996940938137
1.1299270485899235,-0.8959480923222233,-0.08176504920052141,-0.927301299253064,-0.12507452949341905,0.012256980478852944,-0.5621426481684813,-0.5582075004179078,-0.5609662782284316,0.4259170940575488,1.2582056021146093,0.5514025183523273,1.3128631389341128,0.5450343304976737,2.821368593295375,-0.0449339959569586,0.6172133998483675,6.252684189264254,-0.4935527388737926,-0.49108160855378125,2.9461646302610833,-0.7721784304501143,-0.7721784304501143,2.0009443614282447,1.073594377334718,0.3982818409957095,-0.4975861803753371,-0.4915960401250875,0.9692640757416632,0.9692640757416632,0.6648349773497241,0.3132831760582848,0.30998749742306747,-0.5927089101596051,2.9359448507976773,3.398113081468727,1.0104177902986136,0.46624771625822187,-0.07756830463015665,1.024529277376823,2.163975301668927,-0.4064216670264658,-0.4064216670264658,-0.4064216670264658,-0.4064216670264658,-0.4127996940938137
1.1299270485899235,-0.8959480923222233,-0.9025603507903713,1.5174021260504682,0.6910367754511404,0.012256980478852944,-0.5621426481684813,-0.5582075004179078,-0.5609662782284316,-0.07035237714343431,1.2582056021146093,-0.21005810222945814,0.5514025183523273,0.5450343304976737,-0.9626869198089051,-0.08524660531845801,3.9733112615238664,0.6291467206289326,0.6669631606402603,0.6956989454511902,3.2000213486515423,1.0853199137662897,-0.7721784304501143,0.13910308394955717,-0.7944598392276914,-0.39002080428833424,-0.4975861803753371,-0.4915960401250875,-0.5015378066337676,-0.5015378066337676,0.5823365823245739,1.211820637060618,0.30998749742306747,-0.5927089101596051,1.172350820744297,3.065943085448419,2.104687679377195,1.0119457160043916,3.2054577778245847,1.5713639223570908,1.7082388922572849,2.4604987409169823,-0.4064216670264658,-0.4064216670264658,-0.4064216670264658,-0.4127996940938137
1.1299270485899235,-0.07255917649088434,-0.9025603507903713,0.7025009842826242,2.323259385340259,-0.7363717236638331,-0.06646956988478656,-0.5582075004179078,-0.5609662782284316,0.9221865652585319,1.187076518243025,-0.21005810222945814,-0.21005810222945814,-0.9763983995546559,-0.205875817188049,-0.16826826687541765,1.7359126870735337,4.0032692018101255,0.6669631606402603,-0.49108160855378125,3.137937785508382,2.0140690858744916,1.0853199137662897,0.13910308394955717,-0.7944598392276914,0.6457010998612052,1.0671125314073493,-0.4915960401250875,2.440065958117094,-0.5015378066337676,0.6648349773497241,1.211820637060618,1.2089512399499631,3.9042976465746078,0.29055380571760675,2.6320623343747207,2.651822623916486,2.1033417154967315,2.111115750339671,3.211867857297894,1.476523969789393,-0.4064216670264658,2.4604987409169823,-0.4064216670264658,-0.4064216670264658,-0.4127996940938137
1.1299270485899235,-0.07255917649088434,-0.08176504920052141,0.7025009842826242,0.6910367754511404,-1.0559182067764805,-0.5621426481684813,-0.06265594392445911,2.9132214855795153,0.4259170940575488,1.187076518243025,-0.21005810222945814,-0.21005810222945814,-0.9763983995546559,0.550935285432807,-0.3924153259211789,-0.5014858873767987,1.753854214355997,-0.4935527388737926,-0.49108160855378125,3.341611658029744,1.0853199137662897,2.0140690858744916,-0.7918175547897867,-0.7944598392276914,0.829553665440885,1.0671125314073493,0.9831920802501752,-0.5015378066337676,2.440065958117094,-0.1338956370273052,0.3132831760582848,1.2089512399499631,1.20609371253408,-0.5912432093090835,2.3969507125227536,-0.08385209877996791,2.649039715242901,-0.07756830463015665,0.4776946323965555,1.8991227016874763,-0.4064216670264658,-0.4064216670264658,2.4604987409169823,-0.4064216670264658,-0.4127996940938137
1.1299270485899235,-0.8959480923222233,-0.08176504920052141,-0.11240015748521992,0.6910367754511404,-1.4490435816322216,1.4205496649662976,-0.5582075004179078,0.43165879714526756,-0.07035237714343431,-0.16613487721297054,0.5514025183523273,-0.21005810222945814,-0.21568203452849113,-0.205875817188049,-0.7050736261165987,0.6172133998483675,-0.4955607730981318,-0.4935527388737926,-0.49108160855378125,3.137937785508382,0.15657074165808765,1.0853199137662897,-0.7918175547897867,1.073594377334718,0.6457010998612046,1.0671125314073493,0.9831920802501752,-0.5015378066337676,-0.5015378066337676,-0.00942059015405189,0.3132831760582848,0.30998749742306747,5.703100269268293,2.054147835770987,2.4966040199877546,-0.08385209877996791,-0.07945028348794805,3.7526287915670418,1.5713639223570908,1.8991227016874763,-0.4064216670264658,-0.4064216670264658,-0.4064216670264658,2.4604987409169823,-0.4127996940938137
1.1299270485899235,2.397607571003132,-0.9025603507903713,-0.11240015748521992,3.1393706902848186,0.7743204855943618,-1.057815726452176,1.4239987255558868,-0.5609662782284316,1.418456036459515,-0.04855137395014915,1.3128631389341128,0.5514025183523273,1.3057506955238385,-0.205875817188049,-0.4902755053619191,-0.5014858873767987,0.6291467206289326,6.469542658210526,3.0692600534611327,3.137937785508382,-0.7721784304501143,0.15657074165808765,-0.7918175547897867,1.073594377334718,0.6457010998612046,-0.4975861803753371,0.9831920802501752,-0.5015378066337676,-0.5015378066337676,-0.00942059015405189,3.008895559065284,0.30998749742306747,0.3066924011872375,3.8177418658243676,0.5381420210621924,1.0104177902986136,-0.07945028348794805,0.46960270911230023,1.5713639223570908,0.6405463467378322,-0.4064216670264658,-0.4064216670264658,-0.4064216670264658,-0.4064216670264658,2.4224824153400117
1.1299270485899235,0.7508297393404546,2.380620855569028,-0.927301299253064,-0.9411858344379784,0.8997737473389755,-0.5621426481684813,-1.0537590569113564,-0.5609662782284316,-0.5666218483444174,-0.04855137395014915,0.5514025183523273,1.3128631389341128,0.5450343304976737,-0.205875817188049,-0.7637788059888997,3.9733112615238664,-0.4955607730981318,0.6669631606402603,-0.49108160855378125,2.097175210739826,0.15657074165808765,-0.7721784304501143,-0.7918175547897867,2.007621485615923,0.398281840995709,2.631811243190036,-0.4915960401250875,-0.5015378066337676,-0.5015378066337676,0.5823365823245745,0.3132831760582848,3.0068787250037547,0.3066924011872375,-0.5912432093090835,0.5381420210621924,-0.08385209877996791,1.0119457160043916,1.016773722854757,-0.0691400125837121,0.8361802007622453,-0.4064216670264658,-0.4064216670264658,-0.4064216670264658,-0.4064216670264658,-0.4127996940938137
1.1299270485899235,-0.07255917649088434,0.7390302523893285,-0.927301299253064,-0.9411858344379784,0.6881792452568001,0.924876586682603,-0.5582075004179078,-0.5609662782284316,-0.5666218483444174,0.21995409653607104,1.3128631389341128,0.5514025183523273,-0.21568203452849113,0.550935285432807,-0.4902755053619191,0.6172133998483675,4.0032692018101255,4.148510859182419,-0.49108160855378125,2.097175210739826,2.0140690858744916,0.15657074165808765,1.070023722688901,2.007621485615923,0.398281840995709,-0.4975861803753371,2.4579802006254377,-0.5015378066337676,0.9692640757416632,0.5823365823245745,-0.5852542849440484,0.30998749742306747,1.20609371253408,-0.5912432093090835,0.8276801783692638,1.0104177902986136,-0.07945028348794805,2.111115750339671,-0.0691400125837121,0.8361802007622453,-0.4064216670264658,-0.4064216670264658,-0.4064216670264658,-0.4064216670264658,-0.4127996940938137
1.1299270485899235,-0.8959480923222233,-0.08176504920052141,-0.11240015748521992,1.5071480803956998,0.6881792452568001,-0.06646956988478656,0.9284471690624382,-0.06465374054158204,-0.5666218483444174,0.15142604027462958,-0.21005810222945814,1.3128631389341128,-0.21568203452849113,0.550935285432807,-0.4902755053619191,-0.5014858873767987,0.6291467206289326,1.8274790601543132,0.6956989454511902,1.626469973194103,-0.7721784304501143,2.0140690858744916,2.0009443614282447,0.13956726905351338,0.7846203097892105,-0.4975861803753371,-0.4915960401250875,0.9692640757416632,-0.5015378066337676,0.5823365823245745,-0.5852542849440484,-0.5889762451038282,1.20609371253408,-0.5912432093090835,1.0229400547156127,-0.08385209877996791,1.0119457160043916,2.6582867640821277,3.211867857297894,0.599922465490564,2.4604987409169823,-0.4064216670264658,-0.4064216670264658,-0.4064216670264658,-0.4127996940938137
1.1299270485899235,-0.07255917649088434,-0.9025603507903713,-0.11240015748521992,0.6910367754511404,0.6881792452568001,2.411895821533687,-0.06265594392445911,-0.5609662782284316,-0.5666218483444174,1.150936175330411,1.3128631389341128,-0.21005810222945814,-0.21568203452849113,-0.9626869198089051,-0.4902755053619189,1.7359126870735337,-0.4955607730981318,-0.4935527388737926,0.6956989454511902,1.626469973194103,-0.7721784304501143,-0.7721784304501143,1.070023722688901,0.13956726905351338,0.49988088392001623,-0.4975861803753371,-0.4915960401250875,0.9692640757416632,2.440065958117094,0.6648349773497244,0.3132831760582848,-0.5889762451038282,0.3066924011872375,3.8177418658243676,0.959591276704112,1.0104177902986136,-0.07945028348794805,-0.07756830463015665,2.1181985673373585,-0.7321070449462884,-0.4064216670264658,2.4604987409169823,-0.4064216670264658,-0.4064216670264658,-0.4127996940938137
1.1299270485899235,-0.8959480923222233,-0.08176504920052141,-0.927301299253064,0.6910367754511404,0.8997737473389755,0.924876586682603,2.4151018385427845,1.4242838725189668,2.9072644500624643,1.002225822030451,0.5514025183523273,1.3128631389341128,0.5450343304976737,-0.9626869198089051,-0.7637788059888992,1.7359126870735337,1.753854214355997,0.6669631606402603,-0.49108160855378125,1.496164483430425,1.0853199137662897,-0.7721784304501143,0.13910308394955717,-0.7944598392276914,0.49988088392001623,1.0671125314073493,-0.4915960401250875,0.9692640757416632,-0.5015378066337676,0.6648349773497244,1.211820637060618,0.30998749742306747,0.3066924011872375,1.172350820744297,1.0229400547156127,1.5575527348379044,1.0119457160043916,-0.07756830463015665,-0.0691400125837121,-0.4326495849050976,-0.4064216670264658,-0.4064216670264658,2.4604987409169823,-0.4064216670264658,-0.4127996940938137
1.1299270485899235,0.7508297393404546,-0.9025603507903713,2.332303267818312,-0.12507452949341905,0.7315125204597769,1.9162227432499923,0.9284471690624382,-1.0572788159152813,0.4259170940575488,1.187076518243026,-0.9715187228112436,0.5514025183523273,1.3057506955238385,-0.205875817188049,-0.005361256121101161,-0.5014858873767987,1.753854214355997,-0.4935527388737926,-0.49108160855378125,1.6894490301671339,-0.7721784304501143,1.0853199137662897,-0.7918175547897867,-0.7944598392276914,0.6457010998612046,-0.4975861803753371,0.9831920802501752,-0.5015378066337676,-0.5015378066337676,0.6648349773497241,0.3132831760582848,1.2089512399499631,3.004896335227765,5.581335895877748,1.0229400547156127,2.651822623916486,1.5576437157505616,1.016773722854757,3.7587025022781617,0.34387695164731913,-0.4064216670264658,-0.4064216670264658,-0.4064216670264658,2.4604987409169823,-0.4127996940938137
1.5344688314184145,-0.8959480923222233,0.7390302523893285,0.7025009842826242,-0.12507452949341905,-0.5259907979691257,-0.06646956988478656,1.9195502820493355,-0.5609662782284316,-0.5666218483444174,0.7234832091045591,-0.9715187228112436,-0.9715187228112436,0.5450343304976737,1.307746388053663,0.21852381022506448,-0.5014858873767987,-0.4955607730981318,4.148510859182419,6.6296017154760465,1.6894490301671339,-0.7721784304501143,-0.7721784304501143,0.13910308394955717,-0.7944598392276914,0.6457010998612046,-0.4975861803753371,-0.4915960401250875,2.440065958117094,-0.5015378066337676,0.6648349773497241,-0.5852542849440484,0.30998749742306747,0.3066924011872375,0.29055380571760675,-0.10859957391543003,0.4632828457593228,2.649039715242901,-0.07756830463015665,0.4776946323965555,0.4100253873954239,-0.4064216670264658,-0.4064216670264658,-0.4064216670264658,-0.4064216670264658,2.4224824153400117
1.5344688314184145,-0.07255917649088434,-0.9025603507903713,-0.11240015748521992,-0.9411858344379784,-0.8894526248779353,-0.5621426481684813,-0.06265594392445911,0.9279713348321171,-0.5666218483444174,0.7234832091045591,-0.9715187228112436,-0.9715187228112436,1.3057506955238385,0.550935285432807,0.42338169261395187,2.8546119742987,-0.4955607730981318,0.6669631606402603,0.6956989454511902,1.1393659834014016,0.15657074165808765,-0.7721784304501143,2.0009443614282447,-0.7944598392276914,0.6457010998612046,-0.4975861803753371,-0.4915960401250875,-0.5015378066337676,-0.5015378066337676,-0.427856099629466,-0.5852542849440484,-0.5889762451038282,-0.5927089101596051,0.29055380571760675,-0.052644850430611866,-0.6309870433192587,0.46624771625822187,1.016773722854757,1.024529277376823,0.7398554267158827,-0.4064216670264658,-0.4064216670264658,-0.4064216670264658,-0.4064216670264658,-0.4127996940938137
1.5344688314184145,-0.07255917649088434,-0.08176504920052141,-0.927301299253064,-0.9411858344379784,-0.8894526248779353,0.4292035083989082,-0.5582075004179078,-0.06465374054158204,-0.5666218483444174,0.7373682446070658,-0.9715187228112436,-0.9715187228112436,-0.21568203452849113,-0.205875817188049,0.10929434038067275,0.6172133998483675,2.878561708083061,-0.4935527388737926,4.256040607466104,1.1393659834014016,0.15657074165808765,0.15657074165808765,-0.7918175547897867,1.073594377334718,-0.3900208042883348,-0.4975861803753371,-0.4915960401250875,-0.5015378066337676,-0.5015378066337676,-0.427856099629466,0.3132831760582848,-0.5889762451038282,-0.5927089101596051,1.172350820744297,-0.10859957391543003,-0.08385209877996791,-0.625148283234118,-0.07756830463015665,2.1181985673373585,0.8926497123391008,-0.4064216670264658,-0.4064216670264658,-0.4064216670264658,-0.4064216670264658,-0.4127996940938137
1.5344688314184145,1.5742186551717934,-0.08176504920052141,-0.11240015748521992,-0.12507452949341905,-0.09807150445468767,0.924876586682603,0.43289561256898956,2.416908947892666,-0.07035237714343431,0.5953523642114801,-0.9715187228112436,-0.9715187228112436,1.3057506955238385,-0.205875817188049,0.18267009131747175,1.7359126870735337,0.6291467206289326,1.8274790601543132,1.8824794994561616,0.9806432737525321,0.15657074165808765,0.15657074165808765,-0.7918175547897867,2.007621485615923,-0.46468268096099025,-0.4975861803753371,-0.4915960401250875,-0.5015378066337676,0.9692640757416632,-0.427856099629466,1.211820637060618,0.30998749742306747,0.3066924011872375,1.172350820744297,0.0011960694088393592,-0.6309870433192587,-0.07945028348794805,1.016773722854757,2.6650332123176264,1.127113206043364,2.4604987409169823,-0.4064216670264658,-0.4064216670264658,-0.4064216670264658,-0.4127996940938137
1.5344688314184145,-0.07255917649088434,1.5598255539791783,-0.927301299253064,-0.12507452949341905,-0.09807150445468767,-0.06646956988478656,0.9284471690624382,0.9279713348321171,-0.5666218483444174,0.026300957491440097,-0.9715187228112436,-0.9715187228112436,0.5450343304976737,-0.205875817188049,-0.7637788059889007,1.7359126870735337,1.753854214355997,1.8274790601543132,-0.49108160855378125,0.9806432737525321,-0.7721784304501143,0.15657074165808765,1.070023722688901,1.073594377334718,-0.46468268096099025,-0.4975861803753371,-0.4915960401250875,0.9692640757416632,0.9692640757416632,-0.427856099629466,-0.5852542849440484,1.2089512399499631,1.20609371253408,0.29055380571760675,0.15208954401347657,-0.08385209877996791,-0.625148283234118,1.5639447365972141,-0.0691400125837121,1.161840197521849,-0.4064216670264658,2.4604987409169823,-0.4064216670264658,-0.4064216670264658,-0.4127996940938137
1.5344688314184145,-0.8959480923222233,-0.08176504920052141,0.7025009842826242,-0.9411858344379784,-0.09807150445468767,0.924876586682603,-0.06265594392445911,1.9205964102058164,1.418456036459515,0.026300957491440097,2.0743237595158983,-0.9715187228112436,-0.9763983995546559,0.550935285432807,0.6739108140749824,3.9733112615238664,1.753854214355997,-0.4935527388737926,0.6956989454511902,1.6894490301671339,-0.7721784304501143,-0.7721784304501143,-0.7918175547897867,0.13956726905351338,-1.000228869687325,-0.4975861803753371,-0.4915960401250875,-0.5015378066337676,0.9692640757416632,-1.4380487815835084,1.211820637060618,-0.5889762451038282,0.3066924011872375,0.29055380571760675,0.15208954401347657,0.4632828457593228,-0.07945028348794805,2.6582867640821277,-0.0691400125837121,0.8739325937570641,-0.4064216670264658,-0.4064216670264658,2.4604987409169823,-0.4064216670264658,-0.4127996940938137
1.5344688314184145,-0.07255917649088434,-0.9025603507903713,-0.927301299253064,2.323259385340259,-0.27257833286142774,-1.057815726452176,0.9284471690624382,-0.06465374054158204,-1.0628913195454006,-0.2069150296905931,0.5514025183523273,2.0743237595158983,-0.9763983995546559,1.307746388053663,0.7913211738195842,-0.5014858873767987,4.0032692018101255,-0.4935527388737926,-0.49108160855378125,1.6894490301671339,-0.7721784304501143,-0.7721784304501143,-0.7918175547897867,-0.7944598392276914,-1.000228869687325,1.0671125314073493,-0.4915960401250875,-0.5015378066337676,-0.5015378066337676,-0.427856099629466,1.211820637060618,1.2089512399499631,-0.5927089101596051,2.9359448507976773,0.3338469312003575,-0.08385209877996791,0.46624771625822187,0.46960270911230023,1.024529277376823,-1.1419647054934428,-0.4064216670264658,-0.4064216670264658,-0.4064216670264658,2.4604987409169823,-0.4127996940938137
1.5344688314184145,0.7508297393404546,-0.08176504920052141,-0.11240015748521992,0.6910367754511404,-0.395943228087455,-1.057815726452176,-1.0537590569113564,-0.5609662782284316,-0.5666218483444174,0.09865609230934744,-0.9715187228112436,0.5514025183523273,-0.9763983995546559,0.550935285432807,0.7913211738195842,0.6172133998483675,-0.4955607730981318,2.987994959668366,4.256040607466104,1.394206685135671,-0.7721784304501143,-0.7721784304501143,0.13910308394955717,0.13956726905351338,-1.000228869687325,-0.4975861803753371,0.9831920802501752,-0.5015378066337676,2.440065958117094,-0.427856099629466,0.3132831760582848,1.2089512399499631,-0.5927089101596051,0.29055380571760675,0.15208954401347738,0.4632828457593228,-0.07945028348794805,-0.6247393183726135,-0.0691400125837121,-1.1419647054934428,-0.4064216670264658,-0.4064216670264658,-0.4064216670264658,-0.4064216670264658,2.4224824153400117
1.5344688314184145,0.7508297393404546,0.7390302523893285,-0.11240015748521992,-0.12507452949341905,-0.3334893880439392,0.4292035083989082,-1.0537590569113564,0.43165879714526756,0.9221865652585319,0.06277512213734542,-0.21005810222945814,-0.9715187228112436,-0.9763983995546559,1.307746388053663,0.7037082859897642,-0.5014858873767987,0.6291467206289326,0.6669631606402603,0.6956989454511902,1.496164483430425,-0.7721784304501143,-0.7721784304501143,0.13910308394955717,2.007621485615923,-1.1128800381814599,-0.4975861803753371,-0.4915960401250875,-0.5015378066337676,-0.5015378066337676,-0.427856099629466,2.110358098062951,0.30998749742306747,0.3066924011872375,-0.5912432093090835,0.2901591266716287,0.4632828457593228,0.46624771625822187,-0.07756830463015665,1.024529277376823,-1.2402591728270107,-0.4064216670264658,-0.4064216670264658,-0.4064216670264658,-0.4064216670264658,-0.4127996940938137
1.5344688314184145,2.397607571003132,0.7390302523893285,1.5174021260504682,-0.9411858344379784,0.599856177644977,-0.06646956988478656,0.43289561256898956,0.9279713348321171,-0.07035237714343431,0.0263009574914378,-0.9715187228112436,-0.21005810222945814,-0.9763983995546559,-0.205875817188049,0.7037082859897642,1.7359126870735337,-0.4955607730981318,1.8274790601543132,-0.49108160855378125,1.496164483430425,1.0853199137662897,-0.7721784304501143,0.13910308394955717,-0.7944598392276914,-0.3900208042883345,-0.4975861803753371,-0.4915960401250875,-0.5015378066337676,-0.5015378066337676,-0.427856099629466,3.008895559065284,2.107914982476859,1.20609371253408,-0.5912432093090835,0.8613551086386678,0.4632828457593228,0.46624771625822187,-0.6247393183726135,-0.0691400125837121,-1.1901657485962,-0.4064216670264658,-0.4064216670264658,-0.4064216670264658,-0.4064216670264658,-0.4127996940938137
1.5344688314184145,-0.07255917649088434,2.380620855569028,-0.11240015748521992,-0.12507452949341905,0.4159411405646529,-1.057815726452176,-0.06265594392445911,-0.06465374054158204,2.4109949788614813,-0.04855137395015001,0.5514025183523273,-0.9715187228112436,-0.9763983995546559,1.307746388053663,0.64380130121757,0.6172133998483675,1.753854214355997,1.8274790601543132,1.8824794994561616,1.496164483430425,-0.7721784304501143,1.0853199137662897,-0.7918175547897867,-0.7944598392276914,-0.46468268096099025,-0.4975861803753371,-0.4915960401250875,-0.5015378066337676,-0.5015378066337676,-0.427856099629466,1.211820637060618,3.0068787250037547,-0.5927089101596051,0.29055380571760675,0.8613551086386678,-1.1781219878585494,0.46624771625822187,-0.07756830463015665,1.024529277376823,-0.6612642450133683,2.4604987409169823,-0.4064216670264658,-0.4064216670264658,-0.4064216670264658,-0.4127996940938137
1.5344688314184145,-0.8959480923222233,-0.08176504920052141,-0.927301299253064,-0.9411858344379784,0.7315125204597769,-0.5621426481684813,-1.0537590569113564,0.9279713348321171,0.9221865652585319,-0.048551373950150585,1.3128631389341128,0.5514025183523273,2.0664670605500035,0.550935285432807,0.64380130121757,-0.5014858873767987,0.6291467206289326,4.148510859182419,1.8824794994561616,1.626469973194103,0.15657074165808765,-0.7721784304501143,-0.7918175547897867,1.073594377334718,-0.3900208042883345,-0.4975861803753371,-0.4915960401250875,-0.5015378066337676,0.9692640757416632,-0.427856099629466,1.211820637060618,1.2089512399499631,1.20609371253408,1.172350820744297,0.2453647761598168,0.4632828457593228,-1.170846282980288,0.46960270911230023,1.5713639223570908,-0.6268652933878176,-0.4064216670264658,2.4604987409169823,-0.4064216670264658,-0.4064216670264658,-0.4127996940938137
1.5344688314184145,-0.8959480923222233,-0.9025603507903713,-0.11240015748521992,0.6910367754511404,0.7315125204597769,-1.057815726452176,-0.5582075004179078,-1.0572788159152813,1.914725507660498,-0.5707670153341253,-0.21005810222945814,1.3128631389341128,0.5450343304976737,-0.9626869198089051,-0.08524660531845801,1.7359126870735337,-0.4955607730981318,-0.4935527388737926,-0.49108160855378125,0.5223240519389104,-0.7721784304501143,0.15657074165808765,-0.7918175547897867,-0.7944598392276914,-0.3900208042883345,-0.4975861803753371,-0.4915960401250875,0.9692640757416632,-0.5015378066337676,-0.427856099629466,1.211820637060618,1.2089512399499631,1.20609371253408,0.29055380571760675,0.2453647761598168,1.0104177902986136,0.46624771625822187,-0.07756830463015665,2.6650332123176264,-0.4020554268529963,-0.4064216670264658,-0.4064216670264658,2.4604987409169823,-0.4064216670264658,-0.4127996940938137
1.5344688314184145,-0.8959480923222233,-0.9025603507903713,0.7025009842826242,-0.9411858344379784,0.9810975151494911,0.924876586682603,-1.0537590569113564,-1.0572788159152813,-0.07035237714343431,-0.048551373950150585,-0.9715187228112436,-0.21005810222945814,-0.9763983995546559,-0.9626869198089051,-0.005361256121101584,-0.5014858873767987,1.753854214355997,0.6669631606402603,-0.49108160855378125,0.5223240519389104,-0.7721784304501143,-0.7721784304501143,-0.7918175547897867,-0.7944598392276914,-0.3900208042883345,-0.4975861803753371,-0.4915960401250875,-0.5015378066337676,-0.5015378066337676,-1.4380487815835084,-0.5852542849440484,1.2089512399499631,0.3066924011872375,-0.5912432093090835,0.8613551086386678,-0.08385209877996791,1.0119457160043916,0.46960270911230023,0.4776946323965555,-0.4020554268529963,-0.4064216670264658,-0.4064216670264658,-0.4064216670264658,2.4604987409169823,-0.4127996940938137
1.5344688314184145,-0.07255917649088434,-0.9025603507903713,0.7025009842826242,-0.12507452949341905,0.899773747338975,-0.5621426481684813,0.9284471690624382,0.43165879714526756,-0.5666218483444174,-0.18641874649387943,1.3128631389341128,-0.9715187228112436,-0.21568203452849113,-0.9626869198089051,0.21852381022506448,0.6172133998483675,-0.4955607730981318,-0.4935527388737926,3.0692600534611327,0.5223240519389104,-0.7721784304501143,-0.7721784304501143,-0.7918175547897867,0.13956726905351338,-0.3900208042883345,1.0671125314073493,-0.4915960401250875,-0.5015378066337676,-0.5015378066337676,-0.427856099629466,2.110358098062951,-0.5889762451038282,2.1054950238809225,-0.5912432093090835,0.7935062786939598,1.0104177902986136,-0.07945028348794805,0.46960270911230023,-0.6159746575639797,-0.22724916900906209,-0.4064216670264658,-0.4064216670264658,-0.4064216670264658,-0.4064216670264658,2.4224824153400117
1.5344688314184145,-0.07255917649088434,-0.08176504920052141,2.332303267818312,-0.12507452949341905,0.7743204855943607,1.4205496649662976,-0.5582075004179078,-0.06465374054158204,0.4259170940575488,0.38315664969412294,-0.9715187228112436,1.3128631389341128,-0.9763983995546559,-0.9626869198089051,0.42338169261395225,1.7359126870735337,0.6291467206289326,1.8274790601543132,0.6956989454511902,0.5223240519389102,-0.7721784304501143,-0.7721784304501143,1.070023722688901,0.13956726905351338,-0.3900208042883345,-0.4975861803753371,0.9831920802501752,-0.5015378066337676,-0.5015378066337676,-0.427856099629466,0.3132831760582848,2.107914982476859,3.004896335227765,0.29055380571760675,0.8613551086386678,-0.08385209877996791,1.0119457160043916,0.46960270911230023,-0.0691400125837121,-0.19942452746257563,-0.4064216670264658,-0.4064216670264658,-0.4064216670264658,-0.4064216670264658,-0.4127996940938137
1.5344688314184145,-0.07255917649088434,-0.08176504920052141,-0.11240015748521992,1.5071480803956998,-1.4490435816322238,0.4292035083989082,1.4239987255558868,-1.0572788159152813,0.9221865652585319,0.4455590462723087,-0.21005810222945814,-0.9715187228112436,0.5450343304976737,-0.9626869198089051,0.21852381022506448,-0.5014858873767987,1.753854214355997,0.6669631606402603,1.8824794994561616,0.5223240519389104,1.0853199137662897,-0.7721784304501143,-0.7918175547897867,0.13956726905351338,-0.3900208042883345,-0.4975861803753371,-0.4915960401250875,-0.5015378066337676,-0.5015378066337676,-0.427856099629466,0.3132831760582848,0.30998749742306747,1.20609371253408,1.172350820744297,0.2901591266716287,1.5575527348379044,-0.07945028348794805,-1.1719103321150703,-0.6159746575639797,0.2531779994767221,-0.4064216670264658,-0.4064216670264658,-0.4064216670264658,-0.4064216670264658,-0.4127996940938137
1.5344688314184145,-0.07255917649088434,-0.08176504920052141,-0.927301299253064,-0.12507452949341905,-1.4490435816322238,0.4292035083989082,0.43289561256898956,-0.5609662782284316,-0.07035237714343431,0.20300969205451727,-0.9715187228112436,-0.21005810222945814,1.3057506955238385,-0.9626869198089051,0.3569190032064237,-0.5014858873767987,-0.4955607730981318,-0.4935527388737926,1.8824794994561616,0.6230359782710171,-0.7721784304501143,1.0853199137662897,0.13910308394955717,-0.7944598392276914,-0.3900208042883345,-0.4975861803753371,-0.4915960401250875,-0.5015378066337676,-0.5015378066337676,-0.427856099629466,2.110358098062951,0.30998749742306747,1.20609371253408,-0.5912432093090835,0.5381420210621924,-0.08385209877996791,1.5576437157505616,0.46960270911230023,-0.0691400125837121,-0.49526148095799793,2.4604987409169823,-0.4064216670264658,-0.4064216670264658,-0.4064216670264658,-0.4127996940938137
1.5344688314184145,-0.8959480923222233,-0.08176504920052141,-0.927301299253064,-0.9411858344379784,-1.4490435816322238,-0.06646956988478656,0.43289561256898956,-1.0572788159152813,0.9221865652585319,0.0807879514180202,-0.9715187228112436,-0.9715187228112436,-0.21568203452849113,2.064557490674519,-0.08524660531845801,-0.5014858873767987,-0.4955607730981318,1.8274790601543132,4.256040607466104,0.6230359782710171,-0.7721784304501143,-0.7721784304501143,-0.7918175547897867,-0.7944598392276914,-0.46468268096099025,-0.4975861803753371,-0.4915960401250875,-0.5015378066337676,-0.5015378066337676,-0.427856099629466,-0.5852542849440484,2.107914982476859,1.20609371253408,1.172350820744297,0.8276801783692638,1.0104177902986136,-0.07945028348794805,1.016773722854757,0.4776946323965555,-0.43264958490509725,-0.4064216670264658,2.4604987409169823,-0.4064216670264658,-0.4064216670264658,-0.4127996940938137
1.5344688314184145,-0.8959480923222233,-0.9025603507903713,-0.927301299253064,-0.12507452949341905,-1.4490435816322238,-0.06646956988478656,-0.06265594392445911,0.9279713348321171,-1.0628913195454006,-0.40220283962649644,0.5514025183523273,-0.9715187228112436,-0.9763983995546559,0.550935285432807,0.10929434038067275,2.8546119742987,-0.4955607730981318,-0.4935527388737926,-0.49108160855378125,1.139365983401402,-0.7721784304501143,-0.7721784304501143,-0.7918175547897867,-0.7944598392276914,-0.46468268096099025,1.0671125314073493,-0.4915960401250875,-0.5015378066337676,0.9692640757416632,-0.13389563702730492,-0.5852542849440484,-0.5889762451038282,-0.5927089101596051,1.172350820744297,0.9595912767041125,0.4632828457593228,1.0119457160043916,-0.07756830463015665,-0.0691400125837121,-0.49526148095799793,-0.4064216670264658,-0.4064216670264658,2.4604987409169823,-0.4064216670264658,-0.4127996940938137
1.5344688314184145,-0.8959480923222233,-0.9025603507903713,-0.11240015748521992,0.6910367754511404,-1.4490435816322238,-0.5621426481684813,-0.06265594392445911,-0.5609662782284316,-1.0628913195454006,-0.33476293654366823,-0.21005810222945814,0.5514025183523273,1.3057506955238385,-0.9626869198089051,-0.005361256121101584,-0.5014858873767987,2.878561708083061,0.6669631606402603,0.6956989454511902,1.139365983401402,-0.7721784304501143,-0.7721784304501143,-0.7918175547897867,-0.7944598392276914,-0.46468268096099025,-0.4975861803753371,0.9831920802501752,0.9692640757416632,-0.5015378066337676,-0.13389563702730492,0.3132831760582848,-0.5889762451038282,2.1054950238809225,0.29055380571760675,0.7935062786939586,-0.6309870433192587,0.46624771625822187,1.016773722854757,0.4776946323965555,-0.17193719169981653,-0.4064216670264658,-0.4064216670264658,-0.4064216670264658,2.4604987409169823,-0.4127996940938137
1.5344688314184145,-0.8959480923222233,-0.9025603507903713,-0.11240015748521992,0.6910367754511404,-1.4490435816322227,-0.5621426481684813,-0.5582075004179078,1.4242838725189668,0.4259170940575488,-0.33476293654366823,-0.9715187228112436,-0.21005810222945814,-0.9763983995546559,-0.205875817188049,-0.7050736261165998,1.7359126870735337,-0.4955607730981318,1.8274790601543132,-0.49108160855378125,1.2881382949135614,1.0853199137662897,-0.7721784304501143,-0.7918175547897867,-0.7944598392276914,0.067391665424743,-0.4975861803753371,-0.4915960401250875,-0.5015378066337676,-0.5015378066337676,-0.427856099629466,0.3132831760582848,0.30998749742306747,0.3066924011872375,2.054147835770987,0.33384693120035813,-0.08385209877996791,-0.625148283234118,-0.07756830463015665,0.4776946323965555,-0.22724916900906209,-0.4064216670264658,-0.4064216670264658,-0.4064216670264658,-0.4064216670264658,2.4224824153400117
1.5344688314184145,-0.8959480923222233,-0.9025603507903713,-0.11240015748521992,2.323259385340259,-1.566752523426846,-1.057815726452176,-0.5582075004179078,0.43165879714526756,-0.07035237714343431,-0.7031958040458153,-0.21005810222945814,-0.9715187228112436,-0.21568203452849113,-0.9626869198089051,-0.7637788059889005,0.6172133998483675,1.753854214355997,-0.4935527388737926,1.8824794994561616,1.139365983401402,-0.7721784304501143,1.0853199137662897,1.070023722688901,1.073594377334718,0.067391665424743,-0.4975861803753371,-0.4915960401250875,-0.5015378066337676,-0.5015378066337676,-0.427856099629466,0.3132831760582848,0.30998749742306747,0.3066924011872375,2.9359448507976773,0.33384693120035813,0.4632828457593228,-0.07945028348794805,1.5639447365972141,0.4776946323965555,-0.283962115008956,-0.4064216670264658,-0.4064216670264658,-0.4064216670264658,-0.4064216670264658,-0.4127996940938137
1.5344688314184145,0.7508297393404546,-0.9025603507903713,-0.11240015748521992,-0.12507452949341905,-0.8114386050233906,-1.057815726452176,-1.0537590569113564,0.43165879714526756,-1.0628913195454006,-0.7031958040458165,-0.21005810222945814,-0.21005810222945814,-0.9763983995546559,0.550935285432807,-0.7637788059889005,-0.5014858873767987,0.6291467206289326,-0.4935527388737926,0.6956989454511902,1.139365983401402,1.0853199137662897,-0.7721784304501143,-0.7918175547897867,-0.7944598392276914,0.067391665424743,-0.4975861803753371,-0.4915960401250875,-0.5015378066337676,-0.5015378066337676,-0.427856099629466,0.3132831760582848,0.30998749742306747,2.1054950238809225,1.172350820744297,0.33384693120035813,-0.08385209877996791,0.46624771625822187,-0.07756830463015665,-1.1628093025442474,-0.88327074521636,-0.4064216670264658,-0.4064216670264658,-0.4064216670264658,-0.4064216670264658,-0.4127996940938137
1.5344688314184145,-0.8959480923222233,0.7390302523893285,-0.927301299253064,-0.9411858344379784,-0.8894526248779345,-1.057815726452176,-1.0537590569113564,-0.06465374054158204,-0.5666218483444174,-0.978908901014815,-0.9715187228112436,-0.21005810222945814,-0.9763983995546559,1.307746388053663,-0.7637788059889004,-0.5014858873767987,-0.4955607730981318,-0.4935527388737926,-0.49108160855378125,1.139365983401402,-0.7721784304501143,1.0853199137662897,-0.7918175547897867,0.13956726905351338,0.067391665424743,-0.4975861803753371,-0.4915960401250875,-0.5015378066337676,-0.5015378066337676,-0.427856099629466,-0.5852542849440484,0.30998749742306747,-0.5927089101596051,1.172350820744297,-0.5099602179146904,-0.6309870433192587,-0.07945028348794805,1.016773722854757,0.4776946323965555,-0.6612642450133683,2.4604987409169823,-0.4064216670264658,-0.4064216670264658,-0.4064216670264658,-0.4127996940938137
1.5344688314184145,-0.8959480923222233,-0.9025603507903713,-0.927301299253064,-0.9411858344379784,-0.8894526248779345,-0.06646956988478656,-1.0537590569113564,-0.06465374054158204,-1.0628913195454006,-0.978908901014815,0.5514025183523273,-0.9715187228112436,0.5450343304976737,-0.205875817188049,-0.6485861539816933,-0.5014858873767987,-0.4955607730981318,2.987994959668366,1.8824794994561616,1.139365983401402,0.15657074165808765,-0.7721784304501143,-0.7918175547897867,-0.7944598392276914,0.007621371421733053,-0.4975861803753371,-0.4915960401250875,0.9692640757416632,-0.5015378066337676,-0.427856099629466,2.110358098062951,-0.5889762451038282,-0.5927089101596051,1.172350820744297,0.33384693120035813,0.4632828457593228,-0.625148283234118,0.46960270911230023,1.024529277376823,-1.0068774355316505,-0.4064216670264658,2.4604987409169823,-0.4064216670264658,-0.4064216670264658,-0.4127996940938137
1.5344688314184145,0.7508297393404546,-0.9025603507903713,-0.927301299253064,-0.9411858344379784,-0.33348938804393635,-0.5621426481684813,-0.06265594392445911,-0.5609662782284316,0.9221865652585319,-1.1650892995962896,-0.9715187228112436,0.5514025183523273,-0.21568203452849113,-0.9626869198089051,-0.7637788059889004,3.9733112615238664,-0.4955607730981318,-0.4935527388737926,-0.49108160855378125,1.7511017664653485,-0.7721784304501143,0.15657074165808765,-0.7918175547897867,-0.7944598392276914,0.007621371421733053,-0.4975861803753371,-0.4915960401250875,-0.5015378066337676,-0.5015378066337676,-1.4380487815835084,-0.5852542849440484,2.107914982476859,0.3066924011872375,-0.5912432093090835,0.33384693120035813,0.4632828457593228,0.46624771625822187,-0.6247393183726135,-0.0691400125837121,-1.0068774355316505,-0.4064216670264658,-0.4064216670264658,2.4604987409169823,-0.4064216670264658,-0.4127996940938137
1.5344688314184145,-0.8959480923222233,0.7390302523893285,-0.927301299253064,-0.12507452949341905,-0.33348938804393635,-1.057815726452176,-0.5582075004179078,-0.5609662782284316,-0.5666218483444174,-1.1251272451626995,-0.9715187228112436,-0.9715187228112436,-0.9763983995546559,1.307746388053663,-0.7050736261165996,-0.5014858873767987,4.0032692018101255,1.8274790601543132,0.6956989454511902,1.7511017664653485,-0.7721784304501143,-0.7721784304501143,1.070023722688901,-0.7944598392276914,0.007621371421733053,-0.4975861803753371,-0.4915960401250875,-0.5015378066337676,0.9692640757416632,-1.4380487815835084,-0.5852542849440484,-0.5889762451038282,0.3066924011872375,2.054147835770987,0.45901009223112516,-1.1781219878585494,0.46624771625822187,-0.07756830463015665,1.024529277376823,-0.5930976761369182,-0.4064216670264658,-0.4064216670264658,-0.4064216670264658,2.4604987409169823,-0.4127996940938137
1.5344688314184145,-0.8959480923222233,-0.9025603507903713,-0.927301299253064,-0.12507452949341905,-0.33348938804393635,-0.06646956988478656,-1.0537590569113564,-1.0572788159152813,1.418456036459515,-0.9122930789323589,0.5514025183523273,-0.9715187228112436,-0.21568203452849113,-0.9626869198089051,-0.4902755053619195,-0.5014858873767987,-0.4955607730981318,0.6669631606402603,1.8824794994561616,1.6894490301671343,-0.7721784304501143,-0.7721784304501143,-0.7918175547897867,-0.7944598392276914,-0.3900208042883351,-0.4975861803753371,-0.4915960401250875,-0.5015378066337676,-0.5015378066337676,-1.4380487815835084,-0.5852542849440484,-0.5889762451038282,0.3066924011872375,0.29055380571760675,0.5381420210621917,-0.08385209877996791,-1.170846282980288,0.46960270911230023,-0.0691400125837121,-0.5930976761369182,-0.4064216670264658,-0.4064216670264658,-0.4064216670264658,-0.4064216670264658,2.4224824153400117
1.5344688314184145,-0.8959480923222233,-0.9025603507903713,0.7025009842826242,-0.12507452949341905,-0.33348938804393635,0.4292035083989082,-0.06265594392445911,-1.0572788159152813,0.4259170940575488,-0.5707670153341239,-0.9715187228112436,0.5514025183523273,-0.21568203452849113,-0.205875817188049,-0.3924153259211793,1.7359126870735337,-0.4955607730981318,-0.4935527388737926,-0.49108160855378125,1.8412677845054355,-0.7721784304501143,-0.7721784304501143,1.070023722688901,1.073594377334718,-0.3900208042883351,-0.4975861803753371,-0.4915960401250875,-0.5015378066337676,-0.5015378066337676,-1.4380487815835084,-0.5852542849440484,-0.5889762451038282,0.3066924011872375,0.29055380571760675,0.5765659031571085,-0.08385209877996791,-0.07945028348794805,-0.07756830463015665,1.5713639223570908,-0.7321070449462895,-0.4064216670264658,-0.4064216670264658,-0.4064216670264658,-0.4064216670264658,-0.4127996940938137
